3e6147ae3e6b851f3e75c28f3e8000003e851eb83e8a3d713e8f5c293e947ae1
404e147b404eb852404f5c29405000004050a3d7405147ae4051eb8540528f5c
40c70a3d40c75c2940c7ae1440c8000040c851ec40c8a3d740c8f5c340c947ae
3df5c28f3e051eb83e0f5c293e19999a3e23d70a3e2e147b3e3851ec3e428f5c
4047ae14404851ec4048f5c34049999a404a3d71404ae148404b851f404c28f6
40c3d70a40c428f640c47ae140c4cccd40c51eb840c570a440c5c28f40c6147b
3ca3d70a3cf5c28f3d23d70a3d4ccccd3d75c28f3d8f5c293da3d70a3db851ec
404147ae4041eb8540428f5c404333334043d70a40447ae140451eb84045c28f
40c0a3d740c0f5c340c147ae40c1999a40c1eb8540c23d7140c28f5c40c2e148
3f9c28f63f9d70a43f9eb8523fa000003fa147ae3fa28f5c3fa3d70a3fa51eb8
40870a3d40875c294087ae1440880000408851ec4088a3d74088f5c3408947ae
40e70a3d40e75c2940e7ae1440e8000040e851ec40e8a3d740e8f5c340e947ae
3f8f5c293f90a3d73f91eb853f9333333f947ae13f95c28f3f970a3d3f9851ec
4083d70a408428f640847ae14084cccd40851eb8408570a44085c28f4086147b
40e3d70a40e428f640e47ae140e4cccd40e51eb840e570a440e5c28f40e6147b
3f828f5c3f83d70a3f851eb83f8666663f87ae143f88f5c33f8a3d713f8b851f
4080a3d74080f5c3408147ae4081999a4081eb8540823d7140828f5c4082e148
40e0a3d740e0f5c340e147ae40e1999a40e1eb8540e23d7140e28f5c40e2e148
400e147b400eb852400f5c29401000004010a3d7401147ae4011eb8540128f5c
40a70a3d40a75c2940a7ae1440a8000040a851ec40a8a3d740a8f5c340a947ae
4103851f4103ae144103d70a41040000410428f6410451ec41047ae14104a3d7
4007ae14400851ec4008f5c34009999a400a3d71400ae148400b851f400c28f6
40a3d70a40a428f640a47ae140a4cccd40a51eb840a570a440a5c28f40a6147b
4101eb854102147b41023d714102666641028f5c4102b8524102e14841030a3d
400147ae4001eb8540028f5c400333334003d70a40047ae140051eb84005c28f
40a0a3d740a0f5c340a147ae40a1999a40a1eb8540a23d7140a28f5c40a2e148
410051ec41007ae14100a3d74100cccd4100f5c341011eb8410147ae410170a4
4113851f4113ae144113d70a41140000411428f6411451ec41147ae14114a3d7
4143851f4143ae144143d70a41440000414428f6414451ec41447ae14144a3d7
4173851f4173ae144173d70a41740000417428f6417451ec41747ae14174a3d7
4111eb854112147b41123d714112666641128f5c4112b8524112e14841130a3d
4141eb854142147b41423d714142666641428f5c4142b8524142e14841430a3d
4171eb854172147b41723d714172666641728f5c4172b8524172e14841730a3d
411051ec41107ae14110a3d74110cccd4110f5c341111eb8411147ae411170a4
414051ec41407ae14140a3d74140cccd4140f5c341411eb8414147ae414170a4
417051ec41707ae14170a3d74170cccd4170f5c341711eb8417147ae417170a4
4123851f4123ae144123d70a41240000412428f6412451ec41247ae14124a3d7
4153851f4153ae144153d70a41540000415428f6415451ec41547ae14154a3d7
4181c28f4181d70a4181eb85418200004182147b418228f641823d71418251ec
4121eb854122147b41223d714122666641228f5c4122b8524122e14841230a3d
4151eb854152147b41523d714152666641528f5c4152b8524152e14841530a3d
4180f5c341810a3d41811eb841813333418147ae41815c29418170a44181851f
412051ec41207ae14120a3d74120cccd4120f5c341211eb8412147ae412170a4
415051ec41507ae14150a3d74150cccd4150f5c341511eb8415147ae415170a4
418028f641803d71418051ec4180666641807ae141808f5c4180a3d74180b852
4133851f4133ae144133d70a41340000413428f6413451ec41347ae14134a3d7
4163851f4163ae144163d70a41640000416428f6416451ec41647ae14164a3d7
4189c28f4189d70a4189eb85418a0000418a147b418a28f6418a3d71418a51ec
4131eb854132147b41323d714132666641328f5c4132b8524132e14841330a3d
4161eb854162147b41623d714162666641628f5c4162b8524162e14841630a3d
4188f5c341890a3d41891eb841893333418947ae41895c29418970a44189851f
413051ec41307ae14130a3d74130cccd4130f5c341311eb8413147ae413170a4
416051ec41607ae14160a3d74160cccd4160f5c341611eb8416147ae416170a4
418828f641883d71418851ec4188666641887ae141888f5c4188a3d74188b852
4191c28f4191d70a4191eb85419200004192147b419228f641923d71419251ec
41a9c28f41a9d70a41a9eb8541aa000041aa147b41aa28f641aa3d7141aa51ec
41c1c28f41c1d70a41c1eb8541c2000041c2147b41c228f641c23d7141c251ec
4190f5c341910a3d41911eb841913333419147ae41915c29419170a44191851f
41a8f5c341a90a3d41a91eb841a9333341a947ae41a95c2941a970a441a9851f
41c0f5c341c10a3d41c11eb841c1333341c147ae41c15c2941c170a441c1851f
419028f641903d71419051ec4190666641907ae141908f5c4190a3d74190b852
41a828f641a83d7141a851ec41a8666641a87ae141a88f5c41a8a3d741a8b852
41c028f641c03d7141c051ec41c0666641c07ae141c08f5c41c0a3d741c0b852
4199c28f4199d70a4199eb85419a0000419a147b419a28f6419a3d71419a51ec
41b1c28f41b1d70a41b1eb8541b2000041b2147b41b228f641b23d7141b251ec
41c9c28f41c9d70a41c9eb8541ca000041ca147b41ca28f641ca3d7141ca51ec
4198f5c341990a3d41991eb841993333419947ae41995c29419970a44199851f
41b0f5c341b10a3d41b11eb841b1333341b147ae41b15c2941b170a441b1851f
41c8f5c341c90a3d41c91eb841c9333341c947ae41c95c2941c970a441c9851f
419828f641983d71419851ec4198666641987ae141988f5c4198a3d74198b852
41b028f641b03d7141b051ec41b0666641b07ae141b08f5c41b0a3d741b0b852
41c828f641c83d7141c851ec41c8666641c87ae141c88f5c41c8a3d741c8b852
41a1c28f41a1d70a41a1eb8541a2000041a2147b41a228f641a23d7141a251ec
41b9c28f41b9d70a41b9eb8541ba000041ba147b41ba28f641ba3d7141ba51ec
41d1c28f41d1d70a41d1eb8541d2000041d2147b41d228f641d23d7141d251ec
41a0f5c341a10a3d41a11eb841a1333341a147ae41a15c2941a170a441a1851f
41b8f5c341b90a3d41b91eb841b9333341b947ae41b95c2941b970a441b9851f
41d0f5c341d10a3d41d11eb841d1333341d147ae41d15c2941d170a441d1851f
41a028f641a03d7141a051ec41a0666641a07ae141a08f5c41a0a3d741a0b852
41b828f641b83d7141b851ec41b8666641b87ae141b88f5c41b8a3d741b8b852
41d028f641d03d7141d051ec41d0666641d07ae141d08f5c41d0a3d741d0b852
404000004090000040c0000040f0000041100000412800004140000041580000
4240000042460000424c00004252000042580000425e000042640000426a0000
42ba000042bd000042c0000042c3000042c6000042c9000042cc000042cf0000
430a0000430b8000430d0000430e800043100000431180004313000043148000
42040a3d420a0a3d42100a3d42160a3d421c0a3d42220a3d42280a3d422e0a3d
429c051f429f051f42a2051f42a5051f42a8051f42ab051f42ae051f42b1051f
42f6051f42f9051f42fc051f42ff051f4301028f4302828f4304028f4305828f
419028f6419c28f641a828f641b428f641c028f641cc28f641d828f641e428f6
427c147b42810a3d42840a3d42870a3d428a0a3d428d0a3d42900a3d42930a3d
42d80a3d42db0a3d42de0a3d42e10a3d42e40a3d42e70a3d42ea0a3d42ed0a3d
4041eb854090f5c340c0f5c340f0f5c341107ae141287ae141407ae141587ae1
42401eb842461eb8424c1eb842521eb842581eb8425e1eb842641eb8426a1eb8
42ba0f5c42bd0f5c42c00f5c42c30f5c42c60f5c42c90f5c42cc0f5c42cf0f5c
430a07ae430b87ae430d07ae430e87ae431007ae431187ae431307ae431487ae
420428f6420a28f6421028f6421628f6421c28f6422228f6422828f6422e28f6
429c147b429f147b42a2147b42a5147b42a8147b42ab147b42ae147b42b1147b
42f6147b42f9147b42fc147b42ff147b43010a3d43028a3d43040a3d43058a3d
41906666419c666641a8666641b4666641c0666641cc666641d8666641e46666
427c33334281199a4284199a4287199a428a199a428d199a4290199a4293199a
42d8199a42db199a42de199a42e1199a42e4199a42e7199a42ea199a42ed199a
4043d70a4091eb8540c1eb8540f1eb854110f5c34128f5c34140f5c34158f5c3
42403d7142463d71424c3d7142523d7142583d71425e3d7142643d71426a3d71
42ba1eb842bd1eb842c01eb842c31eb842c61eb842c91eb842cc1eb842cf1eb8
430a0f5c430b8f5c430d0f5c430e8f5c43100f5c43118f5c43130f5c43148f5c
420447ae420a47ae421047ae421647ae421c47ae422247ae422847ae422e47ae
429c23d7429f23d742a223d742a523d742a823d742ab23d742ae23d742b123d7
42f623d742f923d742fc23d742ff23d7430111ec430291ec430411ec430591ec
4190a3d7419ca3d741a8a3d741b4a3d741c0a3d741cca3d741d8a3d741e4a3d7
427c51ec428128f6428428f6428728f6428a28f6428d28f6429028f6429328f6
42d828f642db28f642de28f642e128f642e428f642e728f642ea28f642ed28f6
4045c28f4092e14840c2e14840f2e148411170a4412970a4414170a4415970a4
42405c2942465c29424c5c2942525c2942585c29425e5c2942645c29426a5c29
42ba2e1442bd2e1442c02e1442c32e1442c62e1442c92e1442cc2e1442cf2e14
430a170a430b970a430d170a430e970a4310170a4311970a4313170a4314970a
42046666420a66664210666642166666421c66664222666642286666422e6666
429c3333429f333342a2333342a5333342a8333342ab333342ae333342b13333
42f6333342f9333342fc333342ff33334301199a4302999a4304199a4305999a
4190e148419ce14841a8e14841b4e14841c0e14841cce14841d8e14841e4e148
427c70a4428138524284385242873852428a3852428d38524290385242933852
42d8385242db385242de385242e1385242e4385242e7385242ea385242ed3852
4047ae144093d70a40c3d70a40f3d70a4111eb854129eb854141eb854159eb85
42407ae142467ae1424c7ae142527ae142587ae1425e7ae142647ae1426a7ae1
42ba3d7142bd3d7142c03d7142c33d7142c63d7142c93d7142cc3d7142cf3d71
430a1eb8430b9eb8430d1eb8430e9eb843101eb843119eb843131eb843149eb8
4204851f420a851f4210851f4216851f421c851f4222851f4228851f422e851f
429c428f429f428f42a2428f42a5428f42a8428f42ab428f42ae428f42b1428f
42f6428f42f9428f42fc428f42ff428f430121484302a148430421484305a148
41911eb8419d1eb841a91eb841b51eb841c11eb841cd1eb841d91eb841e51eb8
427c8f5c428147ae428447ae428747ae428a47ae428d47ae429047ae429347ae
42d847ae42db47ae42de47ae42e147ae42e447ae42e747ae42ea47ae42ed47ae
4049999a4094cccd40c4cccd40f4cccd41126666412a666641426666415a6666
4240999a4246999a424c999a4252999a4258999a425e999a4264999a426a999a
42ba4ccd42bd4ccd42c04ccd42c34ccd42c64ccd42c94ccd42cc4ccd42cf4ccd
430a2666430ba666430d2666430ea666431026664311a666431326664314a666
4204a3d7420aa3d74210a3d74216a3d7421ca3d74222a3d74228a3d7422ea3d7
429c51ec429f51ec42a251ec42a551ec42a851ec42ab51ec42ae51ec42b151ec
42f651ec42f951ec42fc51ec42ff51ec430128f64302a8f6430428f64305a8f6
41915c29419d5c2941a95c2941b55c2941c15c2941cd5c2941d95c2941e55c29
427cae144281570a4284570a4287570a428a570a428d570a4290570a4293570a
42d8570a42db570a42de570a42e1570a42e4570a42e7570a42ea570a42ed570a
404b851f4095c28f40c5c28f40f5c28f4112e148412ae1484142e148415ae148
4240b8524246b852424cb8524252b8524258b852425eb8524264b852426ab852
42ba5c2942bd5c2942c05c2942c35c2942c65c2942c95c2942cc5c2942cf5c29
430a2e14430bae14430d2e14430eae1443102e144311ae1443132e144314ae14
4204c28f420ac28f4210c28f4216c28f421cc28f4222c28f4228c28f422ec28f
429c6148429f614842a2614842a5614842a8614842ab614842ae614842b16148
42f6614842f9614842fc614842ff6148430130a44302b0a4430430a44305b0a4
4191999a419d999a41a9999a41b5999a41c1999a41cd999a41d9999a41e5999a
427ccccd428166664284666642876666428a6666428d66664290666642936666
42d8666642db666642de666642e1666642e4666642e7666642ea666642ed6666
404d70a44096b85240c6b85240f6b85241135c29412b5c2941435c29415b5c29
4240d70a4246d70a424cd70a4252d70a4258d70a425ed70a4264d70a426ad70a
42ba6b8542bd6b8542c06b8542c36b8542c66b8542c96b8542cc6b8542cf6b85
430a35c3430bb5c3430d35c3430eb5c3431035c34311b5c3431335c34314b5c3
4204e148420ae1484210e1484216e148421ce1484222e1484228e148422ee148
429c70a4429f70a442a270a442a570a442a870a442ab70a442ae70a442b170a4
42f670a442f970a442fc70a442ff70a4430138524302b852430438524305b852
4191d70a419dd70a41a9d70a41b5d70a41c1d70a41cdd70a41d9d70a41e5d70a
427ceb85428175c3428475c3428775c3428a75c3428d75c3429075c3429375c3
42d875c342db75c342de75c342e175c342e475c342e775c342ea75c342ed75c3
404f5c294097ae1440c7ae1440f7ae144113d70a412bd70a4143d70a415bd70a
4240f5c34246f5c3424cf5c34252f5c34258f5c3425ef5c34264f5c3426af5c3
42ba7ae142bd7ae142c07ae142c37ae142c67ae142c97ae142cc7ae142cf7ae1
430a3d71430bbd71430d3d71430ebd7143103d714311bd7143133d714314bd71
42050000420b00004211000042170000421d00004223000042290000422f0000
429c8000429f800042a2800042a5800042a8800042ab800042ae800042b18000
42f6800042f9800042fc800042ff8000430140004302c000430440004305c000
4192147b419e147b41aa147b41b6147b41c2147b41ce147b41da147b41e6147b
427d0a3d4281851f4284851f4287851f428a851f428d851f4290851f4293851f
42d8851f42db851f42de851f42e1851f42e4851f42e7851f42ea851f42ed851f
405147ae4098a3d740c8a3d740f8a3d7411451ec412c51ec414451ec415c51ec
4241147b4247147b424d147b4253147b4259147b425f147b4265147b426b147b
42ba8a3d42bd8a3d42c08a3d42c38a3d42c68a3d42c98a3d42cc8a3d42cf8a3d
430a451f430bc51f430d451f430ec51f4310451f4311c51f4313451f4314c51f
42051eb8420b1eb842111eb842171eb8421d1eb842231eb842291eb8422f1eb8
429c8f5c429f8f5c42a28f5c42a58f5c42a88f5c42ab8f5c42ae8f5c42b18f5c
42f68f5c42f98f5c42fc8f5c42ff8f5c430147ae4302c7ae430447ae4305c7ae
419251ec419e51ec41aa51ec41b651ec41c251ec41ce51ec41da51ec41e651ec
427d28f64281947b4284947b4287947b428a947b428d947b4290947b4293947b
42d8947b42db947b42de947b42e1947b42e4947b42e7947b42ea947b42ed947b
43190000431a8000431c0000431d8000431f0000432080004322000043238000
434600004347800043490000434a8000434c0000434d8000434f000043508000
4373000043748000437600004377800043790000437a8000437c0000437d8000
439000004390c0004391800043924000439300004393c0004394800043954000
4337028f4338828f433a028f433b828f433d028f433e828f4340028f4341828f
4364028f4365828f4367028f4368828f436a028f436b828f436d028f436e828f
4388814843894148438a0148438ac148438b8148438c4148438d0148438dc148
4328051f4329851f432b051f432c851f432e051f432f851f4331051f4332851f
4355051f4356851f4358051f4359851f435b051f435c851f435e051f435f851f
4381028f4381c28f4382828f4383428f4384028f4384c28f4385828f4386428f
431907ae431a87ae431c07ae431d87ae431f07ae432087ae432207ae432387ae
434607ae434787ae434907ae434a87ae434c07ae434d87ae434f07ae435087ae
437307ae437487ae437607ae437787ae437907ae437a87ae437c07ae437d87ae
439003d74390c3d7439183d7439243d7439303d74393c3d7439483d7439543d7
43370a3d43388a3d433a0a3d433b8a3d433d0a3d433e8a3d43400a3d43418a3d
43640a3d43658a3d43670a3d43688a3d436a0a3d436b8a3d436d0a3d436e8a3d
4388851f4389451f438a051f438ac51f438b851f438c451f438d051f438dc51f
43280ccd43298ccd432b0ccd432c8ccd432e0ccd432f8ccd43310ccd43328ccd
43550ccd43568ccd43580ccd43598ccd435b0ccd435c8ccd435e0ccd435f8ccd
438106664381c6664382866643834666438406664384c6664385866643864666
43190f5c431a8f5c431c0f5c431d8f5c431f0f5c43208f5c43220f5c43238f5c
43460f5c43478f5c43490f5c434a8f5c434c0f5c434d8f5c434f0f5c43508f5c
43730f5c43748f5c43760f5c43778f5c43790f5c437a8f5c437c0f5c437d8f5c
439007ae4390c7ae439187ae439247ae439307ae4393c7ae439487ae439547ae
433711ec433891ec433a11ec433b91ec433d11ec433e91ec434011ec434191ec
436411ec436591ec436711ec436891ec436a11ec436b91ec436d11ec436e91ec
438888f6438948f6438a08f6438ac8f6438b88f6438c48f6438d08f6438dc8f6
4328147b4329947b432b147b432c947b432e147b432f947b4331147b4332947b
4355147b4356947b4358147b4359947b435b147b435c947b435e147b435f947b
43810a3d4381ca3d43828a3d43834a3d43840a3d4384ca3d43858a3d43864a3d
4319170a431a970a431c170a431d970a431f170a4320970a4322170a4323970a
4346170a4347970a4349170a434a970a434c170a434d970a434f170a4350970a
4373170a4374970a4376170a4377970a4379170a437a970a437c170a437d970a
43900b854390cb8543918b8543924b8543930b854393cb8543948b8543954b85
4337199a4338999a433a199a433b999a433d199a433e999a4340199a4341999a
4364199a4365999a4367199a4368999a436a199a436b999a436d199a436e999a
43888ccd43894ccd438a0ccd438acccd438b8ccd438c4ccd438d0ccd438dcccd
43281c2943299c29432b1c29432c9c29432e1c29432f9c2943311c2943329c29
43551c2943569c2943581c2943599c29435b1c29435c9c29435e1c29435f9c29
43810e144381ce1443828e1443834e1443840e144384ce1443858e1443864e14
43191eb8431a9eb8431c1eb8431d9eb8431f1eb843209eb843221eb843239eb8
43461eb843479eb843491eb8434a9eb8434c1eb8434d9eb8434f1eb843509eb8
43731eb843749eb843761eb843779eb843791eb8437a9eb8437c1eb8437d9eb8
43900f5c4390cf5c43918f5c43924f5c43930f5c4393cf5c43948f5c43954f5c
433721484338a148433a2148433ba148433d2148433ea148434021484341a148
436421484365a148436721484368a148436a2148436ba148436d2148436ea148
438890a4438950a4438a10a4438ad0a4438b90a4438c50a4438d10a4438dd0a4
432823d74329a3d7432b23d7432ca3d7432e23d7432fa3d7433123d74332a3d7
435523d74356a3d7435823d74359a3d7435b23d7435ca3d7435e23d7435fa3d7
438111ec4381d1ec438291ec438351ec438411ec4384d1ec438591ec438651ec
43192666431aa666431c2666431da666431f26664320a666432226664323a666
434626664347a66643492666434aa666434c2666434da666434f26664350a666
437326664374a666437626664377a66643792666437aa666437c2666437da666
439013334390d3334391933343925333439313334393d3334394933343955333
433728f64338a8f6433a28f6433ba8f6433d28f6433ea8f6434028f64341a8f6
436428f64365a8f6436728f64368a8f6436a28f6436ba8f6436d28f6436ea8f6
4388947b4389547b438a147b438ad47b438b947b438c547b438d147b438dd47b
43282b854329ab85432b2b85432cab85432e2b85432fab8543312b854332ab85
43552b854356ab8543582b854359ab85435b2b85435cab85435e2b85435fab85
438115c34381d5c3438295c3438355c3438415c34384d5c3438595c3438655c3
43192e14431aae14431c2e14431dae14431f2e144320ae1443222e144323ae14
43462e144347ae1443492e14434aae14434c2e14434dae14434f2e144350ae14
43732e144374ae1443762e144377ae1443792e14437aae14437c2e14437dae14
4390170a4390d70a4391970a4392570a4393170a4393d70a4394970a4395570a
433730a44338b0a4433a30a4433bb0a4433d30a4433eb0a4434030a44341b0a4
436430a44365b0a4436730a44368b0a4436a30a4436bb0a4436d30a4436eb0a4
4388985243895852438a1852438ad852438b9852438c5852438d1852438dd852
432833334329b333432b3333432cb333432e3333432fb333433133334332b333
435533334356b333435833334359b333435b3333435cb333435e3333435fb333
4381199a4381d99a4382999a4383599a4384199a4384d99a4385999a4386599a
431935c3431ab5c3431c35c3431db5c3431f35c34320b5c3432235c34323b5c3
434635c34347b5c3434935c3434ab5c3434c35c3434db5c3434f35c34350b5c3
437335c34374b5c3437635c34377b5c3437935c3437ab5c3437c35c3437db5c3
43901ae14390dae143919ae143925ae143931ae14393dae143949ae143955ae1
433738524338b852433a3852433bb852433d3852433eb852434038524341b852
436438524365b852436738524368b852436a3852436bb852436d3852436eb852
43889c2943895c29438a1c29438adc29438b9c29438c5c29438d1c29438ddc29
43283ae14329bae1432b3ae1432cbae1432e3ae1432fbae143313ae14332bae1
43553ae14356bae143583ae14359bae1435b3ae1435cbae1435e3ae1435fbae1
43811d714381dd7143829d7143835d7143841d714384dd7143859d7143865d71
43193d71431abd71431c3d71431dbd71431f3d714320bd7143223d714323bd71
43463d714347bd7143493d71434abd71434c3d71434dbd71434f3d714350bd71
43733d714374bd7143763d714377bd7143793d71437abd71437c3d71437dbd71
43901eb84390deb843919eb843925eb843931eb84393deb843949eb843955eb8
433740004338c000433a4000433bc000433d4000433ec000434040004341c000
436440004365c000436740004368c000436a4000436bc000436d4000436ec000
4388a00043896000438a2000438ae000438ba000438c6000438d2000438de000
4328428f4329c28f432b428f432cc28f432e428f432fc28f4331428f4332c28f
4355428f4356c28f4358428f4359c28f435b428f435cc28f435e428f435fc28f
438121484381e1484382a14843836148438421484384e1484385a14843866148
4319451f431ac51f431c451f431dc51f431f451f4320c51f4322451f4323c51f
4346451f4347c51f4349451f434ac51f434c451f434dc51f434f451f4350c51f
4373451f4374c51f4376451f4377c51f4379451f437ac51f437c451f437dc51f
4390228f4390e28f4391a28f4392628f4393228f4393e28f4394a28f4395628f
433747ae4338c7ae433a47ae433bc7ae433d47ae433ec7ae434047ae4341c7ae
436447ae4365c7ae436747ae4368c7ae436a47ae436bc7ae436d47ae436ec7ae
4388a3d7438963d7438a23d7438ae3d7438ba3d7438c63d7438d23d7438de3d7
43284a3d4329ca3d432b4a3d432cca3d432e4a3d432fca3d43314a3d4332ca3d
43554a3d4356ca3d43584a3d4359ca3d435b4a3d435cca3d435e4a3d435fca3d
4381251f4381e51f4382a51f4383651f4384251f4384e51f4385a51f4386651f
4397800043984000439900004399c000439a8000439b4000439c0000439cc000
43ae000043aec00043af800043b0400043b1000043b1c00043b2800043b34000
43c4800043c5400043c6000043c6c00043c7800043c8400043c9000043c9c000
43db000043dbc00043dc800043dd400043de000043dec00043df800043e04000
43a6814843a7414843a8014843a8c14843a9814843aa414843ab014843abc148
43bd014843bdc14843be814843bf414843c0014843c0c14843c1814843c24148
43d3814843d4414843d5014843d5c14843d6814843d7414843d8014843d8c148
439f028f439fc28f43a0828f43a1428f43a2028f43a2c28f43a3828f43a4428f
43b5828f43b6428f43b7028f43b7c28f43b8828f43b9428f43ba028f43bac28f
43cc028f43ccc28f43cd828f43ce428f43cf028f43cfc28f43d0828f43d1428f
439783d7439843d7439903d74399c3d7439a83d7439b43d7439c03d7439cc3d7
43ae03d743aec3d743af83d743b043d743b103d743b1c3d743b283d743b343d7
43c483d743c543d743c603d743c6c3d743c783d743c843d743c903d743c9c3d7
43db03d743dbc3d743dc83d743dd43d743de03d743dec3d743df83d743e043d7
43a6851f43a7451f43a8051f43a8c51f43a9851f43aa451f43ab051f43abc51f
43bd051f43bdc51f43be851f43bf451f43c0051f43c0c51f43c1851f43c2451f
43d3851f43d4451f43d5051f43d5c51f43d6851f43d7451f43d8051f43d8c51f
439f0666439fc66643a0866643a1466643a2066643a2c66643a3866643a44666
43b5866643b6466643b7066643b7c66643b8866643b9466643ba066643bac666
43cc066643ccc66643cd866643ce466643cf066643cfc66643d0866643d14666
439787ae439847ae439907ae4399c7ae439a87ae439b47ae439c07ae439cc7ae
43ae07ae43aec7ae43af87ae43b047ae43b107ae43b1c7ae43b287ae43b347ae
43c487ae43c547ae43c607ae43c6c7ae43c787ae43c847ae43c907ae43c9c7ae
43db07ae43dbc7ae43dc87ae43dd47ae43de07ae43dec7ae43df87ae43e047ae
43a688f643a748f643a808f643a8c8f643a988f643aa48f643ab08f643abc8f6
43bd08f643bdc8f643be88f643bf48f643c008f643c0c8f643c188f643c248f6
43d388f643d448f643d508f643d5c8f643d688f643d748f643d808f643d8c8f6
439f0a3d439fca3d43a08a3d43a14a3d43a20a3d43a2ca3d43a38a3d43a44a3d
43b58a3d43b64a3d43b70a3d43b7ca3d43b88a3d43b94a3d43ba0a3d43baca3d
43cc0a3d43ccca3d43cd8a3d43ce4a3d43cf0a3d43cfca3d43d08a3d43d14a3d
43978b8543984b8543990b854399cb85439a8b85439b4b85439c0b85439ccb85
43ae0b8543aecb8543af8b8543b04b8543b10b8543b1cb8543b28b8543b34b85
43c48b8543c54b8543c60b8543c6cb8543c78b8543c84b8543c90b8543c9cb85
43db0b8543dbcb8543dc8b8543dd4b8543de0b8543decb8543df8b8543e04b85
43a68ccd43a74ccd43a80ccd43a8cccd43a98ccd43aa4ccd43ab0ccd43abcccd
43bd0ccd43bdcccd43be8ccd43bf4ccd43c00ccd43c0cccd43c18ccd43c24ccd
43d38ccd43d44ccd43d50ccd43d5cccd43d68ccd43d74ccd43d80ccd43d8cccd
439f0e14439fce1443a08e1443a14e1443a20e1443a2ce1443a38e1443a44e14
43b58e1443b64e1443b70e1443b7ce1443b88e1443b94e1443ba0e1443bace14
43cc0e1443ccce1443cd8e1443ce4e1443cf0e1443cfce1443d08e1443d14e14
43978f5c43984f5c43990f5c4399cf5c439a8f5c439b4f5c439c0f5c439ccf5c
43ae0f5c43aecf5c43af8f5c43b04f5c43b10f5c43b1cf5c43b28f5c43b34f5c
43c48f5c43c54f5c43c60f5c43c6cf5c43c78f5c43c84f5c43c90f5c43c9cf5c
43db0f5c43dbcf5c43dc8f5c43dd4f5c43de0f5c43decf5c43df8f5c43e04f5c
43a690a443a750a443a810a443a8d0a443a990a443aa50a443ab10a443abd0a4
43bd10a443bdd0a443be90a443bf50a443c010a443c0d0a443c190a443c250a4
43d390a443d450a443d510a443d5d0a443d690a443d750a443d810a443d8d0a4
439f11ec439fd1ec43a091ec43a151ec43a211ec43a2d1ec43a391ec43a451ec
43b591ec43b651ec43b711ec43b7d1ec43b891ec43b951ec43ba11ec43bad1ec
43cc11ec43ccd1ec43cd91ec43ce51ec43cf11ec43cfd1ec43d091ec43d151ec
4397933343985333439913334399d333439a9333439b5333439c1333439cd333
43ae133343aed33343af933343b0533343b1133343b1d33343b2933343b35333
43c4933343c5533343c6133343c6d33343c7933343c8533343c9133343c9d333
43db133343dbd33343dc933343dd533343de133343ded33343df933343e05333
43a6947b43a7547b43a8147b43a8d47b43a9947b43aa547b43ab147b43abd47b
43bd147b43bdd47b43be947b43bf547b43c0147b43c0d47b43c1947b43c2547b
43d3947b43d4547b43d5147b43d5d47b43d6947b43d7547b43d8147b43d8d47b
439f15c3439fd5c343a095c343a155c343a215c343a2d5c343a395c343a455c3
43b595c343b655c343b715c343b7d5c343b895c343b955c343ba15c343bad5c3
43cc15c343ccd5c343cd95c343ce55c343cf15c343cfd5c343d095c343d155c3
4397970a4398570a4399170a4399d70a439a970a439b570a439c170a439cd70a
43ae170a43aed70a43af970a43b0570a43b1170a43b1d70a43b2970a43b3570a
43c4970a43c5570a43c6170a43c6d70a43c7970a43c8570a43c9170a43c9d70a
43db170a43dbd70a43dc970a43dd570a43de170a43ded70a43df970a43e0570a
43a6985243a7585243a8185243a8d85243a9985243aa585243ab185243abd852
43bd185243bdd85243be985243bf585243c0185243c0d85243c1985243c25852
43d3985243d4585243d5185243d5d85243d6985243d7585243d8185243d8d852
439f199a439fd99a43a0999a43a1599a43a2199a43a2d99a43a3999a43a4599a
43b5999a43b6599a43b7199a43b7d99a43b8999a43b9599a43ba199a43bad99a
43cc199a43ccd99a43cd999a43ce599a43cf199a43cfd99a43d0999a43d1599a
43979ae143985ae143991ae14399dae1439a9ae1439b5ae1439c1ae1439cdae1
43ae1ae143aedae143af9ae143b05ae143b11ae143b1dae143b29ae143b35ae1
43c49ae143c55ae143c61ae143c6dae143c79ae143c85ae143c91ae143c9dae1
43db1ae143dbdae143dc9ae143dd5ae143de1ae143dedae143df9ae143e05ae1
43a69c2943a75c2943a81c2943a8dc2943a99c2943aa5c2943ab1c2943abdc29
43bd1c2943bddc2943be9c2943bf5c2943c01c2943c0dc2943c19c2943c25c29
43d39c2943d45c2943d51c2943d5dc2943d69c2943d75c2943d81c2943d8dc29
439f1d71439fdd7143a09d7143a15d7143a21d7143a2dd7143a39d7143a45d71
43b59d7143b65d7143b71d7143b7dd7143b89d7143b95d7143ba1d7143badd71
43cc1d7143ccdd7143cd9d7143ce5d7143cf1d7143cfdd7143d09d7143d15d71
43979eb843985eb843991eb84399deb8439a9eb8439b5eb8439c1eb8439cdeb8
43ae1eb843aedeb843af9eb843b05eb843b11eb843b1deb843b29eb843b35eb8
43c49eb843c55eb843c61eb843c6deb843c79eb843c85eb843c91eb843c9deb8
43db1eb843dbdeb843dc9eb843dd5eb843de1eb843dedeb843df9eb843e05eb8
43a6a00043a7600043a8200043a8e00043a9a00043aa600043ab200043abe000
43bd200043bde00043bea00043bf600043c0200043c0e00043c1a00043c26000
43d3a00043d4600043d5200043d5e00043d6a00043d7600043d8200043d8e000
439f2148439fe14843a0a14843a1614843a2214843a2e14843a3a14843a46148
43b5a14843b6614843b7214843b7e14843b8a14843b9614843ba214843bae148
43cc214843cce14843cda14843ce614843cf214843cfe14843d0a14843d16148
4397a28f4398628f4399228f4399e28f439aa28f439b628f439c228f439ce28f
43ae228f43aee28f43afa28f43b0628f43b1228f43b1e28f43b2a28f43b3628f
43c4a28f43c5628f43c6228f43c6e28f43c7a28f43c8628f43c9228f43c9e28f
43db228f43dbe28f43dca28f43dd628f43de228f43dee28f43dfa28f43e0628f
43a6a3d743a763d743a823d743a8e3d743a9a3d743aa63d743ab23d743abe3d7
43bd23d743bde3d743bea3d743bf63d743c023d743c0e3d743c1a3d743c263d7
43d3a3d743d463d743d523d743d5e3d743d6a3d743d763d743d823d743d8e3d7
439f251f439fe51f43a0a51f43a1651f43a2251f43a2e51f43a3a51f43a4651f
43b5a51f43b6651f43b7251f43b7e51f43b8a51f43b9651f43ba251f43bae51f
43cc251f43cce51f43cda51f43ce651f43cf251f43cfe51f43d0a51f43d1651f
41900000419c000041a8000041b4000041c0000041cc000041d8000041e40000
427c0000428100004284000042870000428a0000428d00004290000042930000
42d8000042db000042de000042e1000042e4000042e7000042ea000042ed0000
4040a3d7409051ec40c051ec40f051ec411028f6412828f6414028f6415828f6
42400a3d42460a3d424c0a3d42520a3d42580a3d425e0a3d42640a3d426a0a3d
42ba051f42bd051f42c0051f42c3051f42c6051f42c9051f42cc051f42cf051f
430a028f430b828f430d028f430e828f4310028f4311828f4313028f4314828f
4204147b420a147b4210147b4216147b421c147b4222147b4228147b422e147b
429c0a3d429f0a3d42a20a3d42a50a3d42a80a3d42ab0a3d42ae0a3d42b10a3d
42f60a3d42f90a3d42fc0a3d42ff0a3d4301051f4302851f4304051f4305851f
41903d71419c3d7141a83d7141b43d7141c03d7141cc3d7141d83d7141e43d71
427c1eb842810f5c42840f5c42870f5c428a0f5c428d0f5c42900f5c42930f5c
42d80f5c42db0f5c42de0f5c42e10f5c42e40f5c42e70f5c42ea0f5c42ed0f5c
40428f5c409147ae40c147ae40f147ae4110a3d74128a3d74140a3d74158a3d7
424028f6424628f6424c28f6425228f6425828f6425e28f6426428f6426a28f6
42ba147b42bd147b42c0147b42c3147b42c6147b42c9147b42cc147b42cf147b
430a0a3d430b8a3d430d0a3d430e8a3d43100a3d43118a3d43130a3d43148a3d
42043333420a33334210333342163333421c33334222333342283333422e3333
429c199a429f199a42a2199a42a5199a42a8199a42ab199a42ae199a42b1199a
42f6199a42f9199a42fc199a42ff199a43010ccd43028ccd43040ccd43058ccd
41907ae1419c7ae141a87ae141b47ae141c07ae141cc7ae141d87ae141e47ae1
427c3d7142811eb842841eb842871eb8428a1eb8428d1eb842901eb842931eb8
42d81eb842db1eb842de1eb842e11eb842e41eb842e71eb842ea1eb842ed1eb8
40447ae140923d7140c23d7140f23d7141111eb841291eb841411eb841591eb8
424047ae424647ae424c47ae425247ae425847ae425e47ae426447ae426a47ae
42ba23d742bd23d742c023d742c323d742c623d742c923d742cc23d742cf23d7
430a11ec430b91ec430d11ec430e91ec431011ec431191ec431311ec431491ec
420451ec420a51ec421051ec421651ec421c51ec422251ec422851ec422e51ec
429c28f6429f28f642a228f642a528f642a828f642ab28f642ae28f642b128f6
42f628f642f928f642fc28f642ff28f64301147b4302947b4304147b4305947b
4190b852419cb85241a8b85241b4b85241c0b85241ccb85241d8b85241e4b852
427c5c2942812e1442842e1442872e14428a2e14428d2e1442902e1442932e14
42d82e1442db2e1442de2e1442e12e1442e42e1442e72e1442ea2e1442ed2e14
404666664093333340c3333340f333334111999a4129999a4141999a4159999a
4240666642466666424c66664252666642586666425e666642646666426a6666
42ba333342bd333342c0333342c3333342c6333342c9333342cc333342cf3333
430a199a430b999a430d199a430e999a4310199a4311999a4313199a4314999a
420470a4420a70a4421070a4421670a4421c70a4422270a4422870a4422e70a4
429c3852429f385242a2385242a5385242a8385242ab385242ae385242b13852
42f6385242f9385242fc385242ff385243011c2943029c2943041c2943059c29
4190f5c3419cf5c341a8f5c341b4f5c341c0f5c341ccf5c341d8f5c341e4f5c3
427c7ae142813d7142843d7142873d71428a3d71428d3d7142903d7142933d71
42d83d7142db3d7142de3d7142e13d7142e43d7142e73d7142ea3d7142ed3d71
404851ec409428f640c428f640f428f64112147b412a147b4142147b415a147b
4240851f4246851f424c851f4252851f4258851f425e851f4264851f426a851f
42ba428f42bd428f42c0428f42c3428f42c6428f42c9428f42cc428f42cf428f
430a2148430ba148430d2148430ea148431021484311a148431321484314a148
42048f5c420a8f5c42108f5c42168f5c421c8f5c42228f5c42288f5c422e8f5c
429c47ae429f47ae42a247ae42a547ae42a847ae42ab47ae42ae47ae42b147ae
42f647ae42f947ae42fc47ae42ff47ae430123d74302a3d7430423d74305a3d7
41913333419d333341a9333341b5333341c1333341cd333341d9333341e53333
427c999a42814ccd42844ccd42874ccd428a4ccd428d4ccd42904ccd42934ccd
42d84ccd42db4ccd42de4ccd42e14ccd42e44ccd42e74ccd42ea4ccd42ed4ccd
404a3d7140951eb840c51eb840f51eb841128f5c412a8f5c41428f5c415a8f5c
4240a3d74246a3d7424ca3d74252a3d74258a3d7425ea3d74264a3d7426aa3d7
42ba51ec42bd51ec42c051ec42c351ec42c651ec42c951ec42cc51ec42cf51ec
430a28f6430ba8f6430d28f6430ea8f6431028f64311a8f6431328f64314a8f6
4204ae14420aae144210ae144216ae14421cae144222ae144228ae14422eae14
429c570a429f570a42a2570a42a5570a42a8570a42ab570a42ae570a42b1570a
42f6570a42f9570a42fc570a42ff570a43012b854302ab8543042b854305ab85
419170a4419d70a441a970a441b570a441c170a441cd70a441d970a441e570a4
427cb85242815c2942845c2942875c29428a5c29428d5c2942905c2942935c29
42d85c2942db5c2942de5c2942e15c2942e45c2942e75c2942ea5c2942ed5c29
404c28f64096147b40c6147b40f6147b41130a3d412b0a3d41430a3d415b0a3d
4240c28f4246c28f424cc28f4252c28f4258c28f425ec28f4264c28f426ac28f
42ba614842bd614842c0614842c3614842c6614842c9614842cc614842cf6148
430a30a4430bb0a4430d30a4430eb0a4431030a44311b0a4431330a44314b0a4
4204cccd420acccd4210cccd4216cccd421ccccd4222cccd4228cccd422ecccd
429c6666429f666642a2666642a5666642a8666642ab666642ae666642b16666
42f6666642f9666642fc666642ff6666430133334302b333430433334305b333
4191ae14419dae1441a9ae1441b5ae1441c1ae1441cdae1441d9ae1441e5ae14
427cd70a42816b8542846b8542876b85428a6b85428d6b8542906b8542936b85
42d86b8542db6b8542de6b8542e16b8542e46b8542e76b8542ea6b8542ed6b85
404e147b40970a3d40c70a3d40f70a3d4113851f412b851f4143851f415b851f
4240e1484246e148424ce1484252e1484258e148425ee1484264e148426ae148
42ba70a442bd70a442c070a442c370a442c670a442c970a442cc70a442cf70a4
430a3852430bb852430d3852430eb852431038524311b852431338524314b852
4204eb85420aeb854210eb854216eb85421ceb854222eb854228eb85422eeb85
429c75c3429f75c342a275c342a575c342a875c342ab75c342ae75c342b175c3
42f675c342f975c342fc75c342ff75c343013ae14302bae143043ae14305bae1
4191eb85419deb8541a9eb8541b5eb8541c1eb8541cdeb8541d9eb8541e5eb85
427cf5c342817ae142847ae142877ae1428a7ae1428d7ae142907ae142937ae1
42d87ae142db7ae142de7ae142e17ae142e47ae142e77ae142ea7ae142ed7ae1
405000004098000040c8000040f8000041140000412c000041440000415c0000
4241000042470000424d00004253000042590000425f000042650000426b0000
42ba800042bd800042c0800042c3800042c6800042c9800042cc800042cf8000
430a4000430bc000430d4000430ec000431040004311c000431340004314c000
42050a3d420b0a3d42110a3d42170a3d421d0a3d42230a3d42290a3d422f0a3d
429c851f429f851f42a2851f42a5851f42a8851f42ab851f42ae851f42b1851f
42f6851f42f9851f42fc851f42ff851f4301428f4302c28f4304428f4305c28f
419228f6419e28f641aa28f641b628f641c228f641ce28f641da28f641e628f6
427d147b42818a3d42848a3d42878a3d428a8a3d428d8a3d42908a3d42938a3d
42d88a3d42db8a3d42de8a3d42e18a3d42e48a3d42e78a3d42ea8a3d42ed8a3d
4051eb854098f5c340c8f5c340f8f5c341147ae1412c7ae141447ae1415c7ae1
42411eb842471eb8424d1eb842531eb842591eb8425f1eb842651eb8426b1eb8
42ba8f5c42bd8f5c42c08f5c42c38f5c42c68f5c42c98f5c42cc8f5c42cf8f5c
430a47ae430bc7ae430d47ae430ec7ae431047ae4311c7ae431347ae4314c7ae
420528f6420b28f6421128f6421728f6421d28f6422328f6422928f6422f28f6
429c947b429f947b42a2947b42a5947b42a8947b42ab947b42ae947b42b1947b
42f6947b42f9947b42fc947b42ff947b43014a3d4302ca3d43044a3d4305ca3d
4328000043298000432b0000432c8000432e0000432f80004331000043328000
43550000435680004358000043598000435b0000435c8000435e0000435f8000
438100004381c0004382800043834000438400004384c0004385800043864000
4319028f431a828f431c028f431d828f431f028f4320828f4322028f4323828f
4346028f4347828f4349028f434a828f434c028f434d828f434f028f4350828f
4373028f4374828f4376028f4377828f4379028f437a828f437c028f437d828f
439001484390c1484391814843924148439301484393c1484394814843954148
4337051f4338851f433a051f433b851f433d051f433e851f4340051f4341851f
4364051f4365851f4367051f4368851f436a051f436b851f436d051f436e851f
4388828f4389428f438a028f438ac28f438b828f438c428f438d028f438dc28f
432807ae432987ae432b07ae432c87ae432e07ae432f87ae433107ae433287ae
435507ae435687ae435807ae435987ae435b07ae435c87ae435e07ae435f87ae
438103d74381c3d7438283d7438343d7438403d74384c3d7438583d7438643d7
43190a3d431a8a3d431c0a3d431d8a3d431f0a3d43208a3d43220a3d43238a3d
43460a3d43478a3d43490a3d434a8a3d434c0a3d434d8a3d434f0a3d43508a3d
43730a3d43748a3d43760a3d43778a3d43790a3d437a8a3d437c0a3d437d8a3d
4390051f4390c51f4391851f4392451f4393051f4393c51f4394851f4395451f
43370ccd43388ccd433a0ccd433b8ccd433d0ccd433e8ccd43400ccd43418ccd
43640ccd43658ccd43670ccd43688ccd436a0ccd436b8ccd436d0ccd436e8ccd
4388866643894666438a0666438ac666438b8666438c4666438d0666438dc666
43280f5c43298f5c432b0f5c432c8f5c432e0f5c432f8f5c43310f5c43328f5c
43550f5c43568f5c43580f5c43598f5c435b0f5c435c8f5c435e0f5c435f8f5c
438107ae4381c7ae438287ae438347ae438407ae4384c7ae438587ae438647ae
431911ec431a91ec431c11ec431d91ec431f11ec432091ec432211ec432391ec
434611ec434791ec434911ec434a91ec434c11ec434d91ec434f11ec435091ec
437311ec437491ec437611ec437791ec437911ec437a91ec437c11ec437d91ec
439008f64390c8f6439188f6439248f6439308f64393c8f6439488f6439548f6
4337147b4338947b433a147b433b947b433d147b433e947b4340147b4341947b
4364147b4365947b4367147b4368947b436a147b436b947b436d147b436e947b
43888a3d43894a3d438a0a3d438aca3d438b8a3d438c4a3d438d0a3d438dca3d
4328170a4329970a432b170a432c970a432e170a432f970a4331170a4332970a
4355170a4356970a4358170a4359970a435b170a435c970a435e170a435f970a
43810b854381cb8543828b8543834b8543840b854384cb8543858b8543864b85
4319199a431a999a431c199a431d999a431f199a4320999a4322199a4323999a
4346199a4347999a4349199a434a999a434c199a434d999a434f199a4350999a
4373199a4374999a4376199a4377999a4379199a437a999a437c199a437d999a
43900ccd4390cccd43918ccd43924ccd43930ccd4393cccd43948ccd43954ccd
43371c2943389c29433a1c29433b9c29433d1c29433e9c2943401c2943419c29
43641c2943659c2943671c2943689c29436a1c29436b9c29436d1c29436e9c29
43888e1443894e14438a0e14438ace14438b8e14438c4e14438d0e14438dce14
43281eb843299eb8432b1eb8432c9eb8432e1eb8432f9eb843311eb843329eb8
43551eb843569eb843581eb843599eb8435b1eb8435c9eb8435e1eb8435f9eb8
43810f5c4381cf5c43828f5c43834f5c43840f5c4384cf5c43858f5c43864f5c
43192148431aa148431c2148431da148431f21484320a148432221484323a148
434621484347a14843492148434aa148434c2148434da148434f21484350a148
437321484374a148437621484377a14843792148437aa148437c2148437da148
439010a44390d0a4439190a4439250a4439310a44393d0a4439490a4439550a4
433723d74338a3d7433a23d7433ba3d7433d23d7433ea3d7434023d74341a3d7
436423d74365a3d7436723d74368a3d7436a23d7436ba3d7436d23d7436ea3d7
438891ec438951ec438a11ec438ad1ec438b91ec438c51ec438d11ec438dd1ec
432826664329a666432b2666432ca666432e2666432fa666433126664332a666
435526664356a666435826664359a666435b2666435ca666435e2666435fa666
438113334381d3334382933343835333438413334384d3334385933343865333
431928f6431aa8f6431c28f6431da8f6431f28f64320a8f6432228f64323a8f6
434628f64347a8f6434928f6434aa8f6434c28f6434da8f6434f28f64350a8f6
437328f64374a8f6437628f64377a8f6437928f6437aa8f6437c28f6437da8f6
4390147b4390d47b4391947b4392547b4393147b4393d47b4394947b4395547b
43372b854338ab85433a2b85433bab85433d2b85433eab8543402b854341ab85
43642b854365ab8543672b854368ab85436a2b85436bab85436d2b85436eab85
438895c3438955c3438a15c3438ad5c3438b95c3438c55c3438d15c3438dd5c3
43282e144329ae14432b2e14432cae14432e2e14432fae1443312e144332ae14
43552e144356ae1443582e144359ae14435b2e14435cae14435e2e14435fae14
4381170a4381d70a4382970a4383570a4384170a4384d70a4385970a4386570a
431930a4431ab0a4431c30a4431db0a4431f30a44320b0a4432230a44323b0a4
434630a44347b0a4434930a4434ab0a4434c30a4434db0a4434f30a44350b0a4
437330a44374b0a4437630a44377b0a4437930a4437ab0a4437c30a4437db0a4
439018524390d8524391985243925852439318524393d8524394985243955852
433733334338b333433a3333433bb333433d3333433eb333434033334341b333
436433334365b333436733334368b333436a3333436bb333436d3333436eb333
4388999a4389599a438a199a438ad99a438b999a438c599a438d199a438dd99a
432835c34329b5c3432b35c3432cb5c3432e35c3432fb5c3433135c34332b5c3
435535c34356b5c3435835c34359b5c3435b35c3435cb5c3435e35c3435fb5c3
43811ae14381dae143829ae143835ae143841ae14384dae143859ae143865ae1
43193852431ab852431c3852431db852431f38524320b852432238524323b852
434638524347b85243493852434ab852434c3852434db852434f38524350b852
437338524374b852437638524377b85243793852437ab852437c3852437db852
43901c294390dc2943919c2943925c2943931c294393dc2943949c2943955c29
43373ae14338bae1433a3ae1433bbae1433d3ae1433ebae143403ae14341bae1
43643ae14365bae143673ae14368bae1436a3ae1436bbae1436d3ae1436ebae1
43889d7143895d71438a1d71438add71438b9d71438c5d71438d1d71438ddd71
43283d714329bd71432b3d71432cbd71432e3d71432fbd7143313d714332bd71
43553d714356bd7143583d714359bd71435b3d71435cbd71435e3d71435fbd71
43811eb84381deb843829eb843835eb843841eb84384deb843859eb843865eb8
43194000431ac000431c4000431dc000431f40004320c000432240004323c000
434640004347c00043494000434ac000434c4000434dc000434f40004350c000
437340004374c000437640004377c00043794000437ac000437c4000437dc000
439020004390e0004391a00043926000439320004393e0004394a00043956000
4337428f4338c28f433a428f433bc28f433d428f433ec28f4340428f4341c28f
4364428f4365c28f4367428f4368c28f436a428f436bc28f436d428f436ec28f
4388a14843896148438a2148438ae148438ba148438c6148438d2148438de148
4328451f4329c51f432b451f432cc51f432e451f432fc51f4331451f4332c51f
4355451f4356c51f4358451f4359c51f435b451f435cc51f435e451f435fc51f
4381228f4381e28f4382a28f4383628f4384228f4384e28f4385a28f4386628f
431947ae431ac7ae431c47ae431dc7ae431f47ae4320c7ae432247ae4323c7ae
434647ae4347c7ae434947ae434ac7ae434c47ae434dc7ae434f47ae4350c7ae
437347ae4374c7ae437647ae4377c7ae437947ae437ac7ae437c47ae437dc7ae
439023d74390e3d74391a3d7439263d7439323d74393e3d74394a3d7439563d7
43374a3d4338ca3d433a4a3d433bca3d433d4a3d433eca3d43404a3d4341ca3d
43644a3d4365ca3d43674a3d4368ca3d436a4a3d436bca3d436d4a3d436eca3d
4388a51f4389651f438a251f438ae51f438ba51f438c651f438d251f438de51f
439f0000439fc00043a0800043a1400043a2000043a2c00043a3800043a44000
43b5800043b6400043b7000043b7c00043b8800043b9400043ba000043bac000
43cc000043ccc00043cd800043ce400043cf000043cfc00043d0800043d14000
4397814843984148439901484399c148439a8148439b4148439c0148439cc148
43ae014843aec14843af814843b0414843b1014843b1c14843b2814843b34148
43c4814843c5414843c6014843c6c14843c7814843c8414843c9014843c9c148
43db014843dbc14843dc814843dd414843de014843dec14843df814843e04148
43a6828f43a7428f43a8028f43a8c28f43a9828f43aa428f43ab028f43abc28f
43bd028f43bdc28f43be828f43bf428f43c0028f43c0c28f43c1828f43c2428f
43d3828f43d4428f43d5028f43d5c28f43d6828f43d7428f43d8028f43d8c28f
439f03d7439fc3d743a083d743a143d743a203d743a2c3d743a383d743a443d7
43b583d743b643d743b703d743b7c3d743b883d743b943d743ba03d743bac3d7
43cc03d743ccc3d743cd83d743ce43d743cf03d743cfc3d743d083d743d143d7
4397851f4398451f4399051f4399c51f439a851f439b451f439c051f439cc51f
43ae051f43aec51f43af851f43b0451f43b1051f43b1c51f43b2851f43b3451f
43c4851f43c5451f43c6051f43c6c51f43c7851f43c8451f43c9051f43c9c51f
43db051f43dbc51f43dc851f43dd451f43de051f43dec51f43df851f43e0451f
43a6866643a7466643a8066643a8c66643a9866643aa466643ab066643abc666
43bd066643bdc66643be866643bf466643c0066643c0c66643c1866643c24666
43d3866643d4466643d5066643d5c66643d6866643d7466643d8066643d8c666
439f07ae439fc7ae43a087ae43a147ae43a207ae43a2c7ae43a387ae43a447ae
43b587ae43b647ae43b707ae43b7c7ae43b887ae43b947ae43ba07ae43bac7ae
43cc07ae43ccc7ae43cd87ae43ce47ae43cf07ae43cfc7ae43d087ae43d147ae
439788f6439848f6439908f64399c8f6439a88f6439b48f6439c08f6439cc8f6
43ae08f643aec8f643af88f643b048f643b108f643b1c8f643b288f643b348f6
43c488f643c548f643c608f643c6c8f643c788f643c848f643c908f643c9c8f6
43db08f643dbc8f643dc88f643dd48f643de08f643dec8f643df88f643e048f6
43a68a3d43a74a3d43a80a3d43a8ca3d43a98a3d43aa4a3d43ab0a3d43abca3d
43bd0a3d43bdca3d43be8a3d43bf4a3d43c00a3d43c0ca3d43c18a3d43c24a3d
43d38a3d43d44a3d43d50a3d43d5ca3d43d68a3d43d74a3d43d80a3d43d8ca3d
439f0b85439fcb8543a08b8543a14b8543a20b8543a2cb8543a38b8543a44b85
43b58b8543b64b8543b70b8543b7cb8543b88b8543b94b8543ba0b8543bacb85
43cc0b8543cccb8543cd8b8543ce4b8543cf0b8543cfcb8543d08b8543d14b85
43978ccd43984ccd43990ccd4399cccd439a8ccd439b4ccd439c0ccd439ccccd
43ae0ccd43aecccd43af8ccd43b04ccd43b10ccd43b1cccd43b28ccd43b34ccd
43c48ccd43c54ccd43c60ccd43c6cccd43c78ccd43c84ccd43c90ccd43c9cccd
43db0ccd43dbcccd43dc8ccd43dd4ccd43de0ccd43decccd43df8ccd43e04ccd
43a68e1443a74e1443a80e1443a8ce1443a98e1443aa4e1443ab0e1443abce14
43bd0e1443bdce1443be8e1443bf4e1443c00e1443c0ce1443c18e1443c24e14
43d38e1443d44e1443d50e1443d5ce1443d68e1443d74e1443d80e1443d8ce14
439f0f5c439fcf5c43a08f5c43a14f5c43a20f5c43a2cf5c43a38f5c43a44f5c
43b58f5c43b64f5c43b70f5c43b7cf5c43b88f5c43b94f5c43ba0f5c43bacf5c
43cc0f5c43cccf5c43cd8f5c43ce4f5c43cf0f5c43cfcf5c43d08f5c43d14f5c
439790a4439850a4439910a44399d0a4439a90a4439b50a4439c10a4439cd0a4
43ae10a443aed0a443af90a443b050a443b110a443b1d0a443b290a443b350a4
43c490a443c550a443c610a443c6d0a443c790a443c850a443c910a443c9d0a4
43db10a443dbd0a443dc90a443dd50a443de10a443ded0a443df90a443e050a4
43a691ec43a751ec43a811ec43a8d1ec43a991ec43aa51ec43ab11ec43abd1ec
43bd11ec43bdd1ec43be91ec43bf51ec43c011ec43c0d1ec43c191ec43c251ec
43d391ec43d451ec43d511ec43d5d1ec43d691ec43d751ec43d811ec43d8d1ec
439f1333439fd33343a0933343a1533343a2133343a2d33343a3933343a45333
43b5933343b6533343b7133343b7d33343b8933343b9533343ba133343bad333
43cc133343ccd33343cd933343ce533343cf133343cfd33343d0933343d15333
4397947b4398547b4399147b4399d47b439a947b439b547b439c147b439cd47b
43ae147b43aed47b43af947b43b0547b43b1147b43b1d47b43b2947b43b3547b
43c4947b43c5547b43c6147b43c6d47b43c7947b43c8547b43c9147b43c9d47b
43db147b43dbd47b43dc947b43dd547b43de147b43ded47b43df947b43e0547b
43a695c343a755c343a815c343a8d5c343a995c343aa55c343ab15c343abd5c3
43bd15c343bdd5c343be95c343bf55c343c015c343c0d5c343c195c343c255c3
43d395c343d455c343d515c343d5d5c343d695c343d755c343d815c343d8d5c3
439f170a439fd70a43a0970a43a1570a43a2170a43a2d70a43a3970a43a4570a
43b5970a43b6570a43b7170a43b7d70a43b8970a43b9570a43ba170a43bad70a
43cc170a43ccd70a43cd970a43ce570a43cf170a43cfd70a43d0970a43d1570a
4397985243985852439918524399d852439a9852439b5852439c1852439cd852
43ae185243aed85243af985243b0585243b1185243b1d85243b2985243b35852
43c4985243c5585243c6185243c6d85243c7985243c8585243c9185243c9d852
43db185243dbd85243dc985243dd585243de185243ded85243df985243e05852
43a6999a43a7599a43a8199a43a8d99a43a9999a43aa599a43ab199a43abd99a
43bd199a43bdd99a43be999a43bf599a43c0199a43c0d99a43c1999a43c2599a
43d3999a43d4599a43d5199a43d5d99a43d6999a43d7599a43d8199a43d8d99a
439f1ae1439fdae143a09ae143a15ae143a21ae143a2dae143a39ae143a45ae1
43b59ae143b65ae143b71ae143b7dae143b89ae143b95ae143ba1ae143badae1
43cc1ae143ccdae143cd9ae143ce5ae143cf1ae143cfdae143d09ae143d15ae1
43979c2943985c2943991c294399dc29439a9c29439b5c29439c1c29439cdc29
43ae1c2943aedc2943af9c2943b05c2943b11c2943b1dc2943b29c2943b35c29
43c49c2943c55c2943c61c2943c6dc2943c79c2943c85c2943c91c2943c9dc29
43db1c2943dbdc2943dc9c2943dd5c2943de1c2943dedc2943df9c2943e05c29
43a69d7143a75d7143a81d7143a8dd7143a99d7143aa5d7143ab1d7143abdd71
43bd1d7143bddd7143be9d7143bf5d7143c01d7143c0dd7143c19d7143c25d71
43d39d7143d45d7143d51d7143d5dd7143d69d7143d75d7143d81d7143d8dd71
439f1eb8439fdeb843a09eb843a15eb843a21eb843a2deb843a39eb843a45eb8
43b59eb843b65eb843b71eb843b7deb843b89eb843b95eb843ba1eb843badeb8
43cc1eb843ccdeb843cd9eb843ce5eb843cf1eb843cfdeb843d09eb843d15eb8
4397a00043986000439920004399e000439aa000439b6000439c2000439ce000
43ae200043aee00043afa00043b0600043b1200043b1e00043b2a00043b36000
43c4a00043c5600043c6200043c6e00043c7a00043c8600043c9200043c9e000
43db200043dbe00043dca00043dd600043de200043dee00043dfa00043e06000
43a6a14843a7614843a8214843a8e14843a9a14843aa614843ab214843abe148
43bd214843bde14843bea14843bf614843c0214843c0e14843c1a14843c26148
43d3a14843d4614843d5214843d5e14843d6a14843d7614843d8214843d8e148
439f228f439fe28f43a0a28f43a1628f43a2228f43a2e28f43a3a28f43a4628f
43b5a28f43b6628f43b7228f43b7e28f43b8a28f43b9628f43ba228f43bae28f
43cc228f43cce28f43cda28f43ce628f43cf228f43cfe28f43d0a28f43d1628f
4397a3d7439863d7439923d74399e3d7439aa3d7439b63d7439c23d7439ce3d7
43ae23d743aee3d743afa3d743b063d743b123d743b1e3d743b2a3d743b363d7
43c4a3d743c563d743c623d743c6e3d743c7a3d743c863d743c923d743c9e3d7
43db23d743dbe3d743dca3d743dd63d743de23d743dee3d743dfa3d743e063d7
43a6a51f43a7651f43a8251f43a8e51f43a9a51f43aa651f43ab251f43abe51f
43bd251f43bde51f43bea51f43bf651f43c0251f43c0e51f43c1a51f43c2651f
43d3a51f43d4651f43d5251f43d5e51f43d6a51f43d7651f43d8251f43d8e51f
42040000420a00004210000042160000421c00004222000042280000422e0000
429c0000429f000042a2000042a5000042a8000042ab000042ae000042b10000
42f6000042f9000042fc000042ff000043010000430280004304000043058000
4190147b419c147b41a8147b41b4147b41c0147b41cc147b41d8147b41e4147b
427c0a3d4281051f4284051f4287051f428a051f428d051f4290051f4293051f
42d8051f42db051f42de051f42e1051f42e4051f42e7051f42ea051f42ed051f
404147ae4090a3d740c0a3d740f0a3d7411051ec412851ec414051ec415851ec
4240147b4246147b424c147b4252147b4258147b425e147b4264147b426a147b
42ba0a3d42bd0a3d42c00a3d42c30a3d42c60a3d42c90a3d42cc0a3d42cf0a3d
430a051f430b851f430d051f430e851f4310051f4311851f4313051f4314851f
42041eb8420a1eb842101eb842161eb8421c1eb842221eb842281eb8422e1eb8
429c0f5c429f0f5c42a20f5c42a50f5c42a80f5c42ab0f5c42ae0f5c42b10f5c
42f60f5c42f90f5c42fc0f5c42ff0f5c430107ae430287ae430407ae430587ae
419051ec419c51ec41a851ec41b451ec41c051ec41cc51ec41d851ec41e451ec
427c28f64281147b4284147b4287147b428a147b428d147b4290147b4293147b
42d8147b42db147b42de147b42e1147b42e4147b42e7147b42ea147b42ed147b
404333334091999a40c1999a40f1999a4110cccd4128cccd4140cccd4158cccd
4240333342463333424c33334252333342583333425e333342643333426a3333
42ba199a42bd199a42c0199a42c3199a42c6199a42c9199a42cc199a42cf199a
430a0ccd430b8ccd430d0ccd430e8ccd43100ccd43118ccd43130ccd43148ccd
42043d71420a3d7142103d7142163d71421c3d7142223d7142283d71422e3d71
429c1eb8429f1eb842a21eb842a51eb842a81eb842ab1eb842ae1eb842b11eb8
42f61eb842f91eb842fc1eb842ff1eb843010f5c43028f5c43040f5c43058f5c
41908f5c419c8f5c41a88f5c41b48f5c41c08f5c41cc8f5c41d88f5c41e48f5c
427c47ae428123d7428423d7428723d7428a23d7428d23d7429023d7429323d7
42d823d742db23d742de23d742e123d742e423d742e723d742ea23d742ed23d7
40451eb840928f5c40c28f5c40f28f5c411147ae412947ae414147ae415947ae
424051ec424651ec424c51ec425251ec425851ec425e51ec426451ec426a51ec
42ba28f642bd28f642c028f642c328f642c628f642c928f642cc28f642cf28f6
430a147b430b947b430d147b430e947b4310147b4311947b4313147b4314947b
42045c29420a5c2942105c2942165c29421c5c2942225c2942285c29422e5c29
429c2e14429f2e1442a22e1442a52e1442a82e1442ab2e1442ae2e1442b12e14
42f62e1442f92e1442fc2e1442ff2e144301170a4302970a4304170a4305970a
4190cccd419ccccd41a8cccd41b4cccd41c0cccd41cccccd41d8cccd41e4cccd
427c6666428133334284333342873333428a3333428d33334290333342933333
42d8333342db333342de333342e1333342e4333342e7333342ea333342ed3333
40470a3d4093851f40c3851f40f3851f4111c28f4129c28f4141c28f4159c28f
424070a4424670a4424c70a4425270a4425870a4425e70a4426470a4426a70a4
42ba385242bd385242c0385242c3385242c6385242c9385242cc385242cf3852
430a1c29430b9c29430d1c29430e9c2943101c2943119c2943131c2943149c29
42047ae1420a7ae142107ae142167ae1421c7ae142227ae142287ae1422e7ae1
429c3d71429f3d7142a23d7142a53d7142a83d7142ab3d7142ae3d7142b13d71
42f63d7142f93d7142fc3d7142ff3d7143011eb843029eb843041eb843059eb8
41910a3d419d0a3d41a90a3d41b50a3d41c10a3d41cd0a3d41d90a3d41e50a3d
427c851f4281428f4284428f4287428f428a428f428d428f4290428f4293428f
42d8428f42db428f42de428f42e1428f42e4428f42e7428f42ea428f42ed428f
4048f5c340947ae140c47ae140f47ae141123d71412a3d7141423d71415a3d71
42408f5c42468f5c424c8f5c42528f5c42588f5c425e8f5c42648f5c426a8f5c
42ba47ae42bd47ae42c047ae42c347ae42c647ae42c947ae42cc47ae42cf47ae
430a23d7430ba3d7430d23d7430ea3d7431023d74311a3d7431323d74314a3d7
4204999a420a999a4210999a4216999a421c999a4222999a4228999a422e999a
429c4ccd429f4ccd42a24ccd42a54ccd42a84ccd42ab4ccd42ae4ccd42b14ccd
42f64ccd42f94ccd42fc4ccd42ff4ccd430126664302a666430426664305a666
419147ae419d47ae41a947ae41b547ae41c147ae41cd47ae41d947ae41e547ae
427ca3d7428151ec428451ec428751ec428a51ec428d51ec429051ec429351ec
42d851ec42db51ec42de51ec42e151ec42e451ec42e751ec42ea51ec42ed51ec
404ae148409570a440c570a440f570a44112b852412ab8524142b852415ab852
4240ae144246ae14424cae144252ae144258ae14425eae144264ae14426aae14
42ba570a42bd570a42c0570a42c3570a42c6570a42c9570a42cc570a42cf570a
430a2b85430bab85430d2b85430eab8543102b854311ab8543132b854314ab85
4204b852420ab8524210b8524216b852421cb8524222b8524228b852422eb852
429c5c29429f5c2942a25c2942a55c2942a85c2942ab5c2942ae5c2942b15c29
42f65c2942f95c2942fc5c2942ff5c2943012e144302ae1443042e144305ae14
4191851f419d851f41a9851f41b5851f41c1851f41cd851f41d9851f41e5851f
427cc28f428161484284614842876148428a6148428d61484290614842936148
42d8614842db614842de614842e1614842e4614842e7614842ea614842ed6148
404ccccd4096666640c6666640f6666641133333412b333341433333415b3333
4240cccd4246cccd424ccccd4252cccd4258cccd425ecccd4264cccd426acccd
42ba666642bd666642c0666642c3666642c6666642c9666642cc666642cf6666
430a3333430bb333430d3333430eb333431033334311b333431333334314b333
4204d70a420ad70a4210d70a4216d70a421cd70a4222d70a4228d70a422ed70a
429c6b85429f6b8542a26b8542a56b8542a86b8542ab6b8542ae6b8542b16b85
42f66b8542f96b8542fc6b8542ff6b85430135c34302b5c3430435c34305b5c3
4191c28f419dc28f41a9c28f41b5c28f41c1c28f41cdc28f41d9c28f41e5c28f
427ce148428170a4428470a4428770a4428a70a4428d70a4429070a4429370a4
42d870a442db70a442de70a442e170a442e470a442e770a442ea70a442ed70a4
404eb85240975c2940c75c2940f75c294113ae14412bae144143ae14415bae14
4240eb854246eb85424ceb854252eb854258eb85425eeb854264eb85426aeb85
42ba75c342bd75c342c075c342c375c342c675c342c975c342cc75c342cf75c3
430a3ae1430bbae1430d3ae1430ebae143103ae14311bae143133ae14314bae1
4204f5c3420af5c34210f5c34216f5c3421cf5c34222f5c34228f5c3422ef5c3
429c7ae1429f7ae142a27ae142a57ae142a87ae142ab7ae142ae7ae142b17ae1
42f67ae142f97ae142fc7ae142ff7ae143013d714302bd7143043d714305bd71
41920000419e000041aa000041b6000041c2000041ce000041da000041e60000
427d0000428180004284800042878000428a8000428d80004290800042938000
42d8800042db800042de800042e1800042e4800042e7800042ea800042ed8000
4050a3d7409851ec40c851ec40f851ec411428f6412c28f6414428f6415c28f6
42410a3d42470a3d424d0a3d42530a3d42590a3d425f0a3d42650a3d426b0a3d
42ba851f42bd851f42c0851f42c3851f42c6851f42c9851f42cc851f42cf851f
430a428f430bc28f430d428f430ec28f4310428f4311c28f4313428f4314c28f
4205147b420b147b4211147b4217147b421d147b4223147b4229147b422f147b
429c8a3d429f8a3d42a28a3d42a58a3d42a88a3d42ab8a3d42ae8a3d42b18a3d
42f68a3d42f98a3d42fc8a3d42ff8a3d4301451f4302c51f4304451f4305c51f
41923d71419e3d7141aa3d7141b63d7141c23d7141ce3d7141da3d7141e63d71
427d1eb842818f5c42848f5c42878f5c428a8f5c428d8f5c42908f5c42938f5c
42d88f5c42db8f5c42de8f5c42e18f5c42e48f5c42e78f5c42ea8f5c42ed8f5c
40528f5c409947ae40c947ae40f947ae4114a3d7412ca3d74144a3d7415ca3d7
424128f6424728f6424d28f6425328f6425928f6425f28f6426528f6426b28f6
42ba947b42bd947b42c0947b42c3947b42c6947b42c9947b42cc947b42cf947b
430a4a3d430bca3d430d4a3d430eca3d43104a3d4311ca3d43134a3d4314ca3d
4337000043388000433a0000433b8000433d0000433e80004340000043418000
43640000436580004367000043688000436a0000436b8000436d0000436e8000
4388800043894000438a0000438ac000438b8000438c4000438d0000438dc000
4328028f4329828f432b028f432c828f432e028f432f828f4331028f4332828f
4355028f4356828f4358028f4359828f435b028f435c828f435e028f435f828f
438101484381c1484382814843834148438401484384c1484385814843864148
4319051f431a851f431c051f431d851f431f051f4320851f4322051f4323851f
4346051f4347851f4349051f434a851f434c051f434d851f434f051f4350851f
4373051f4374851f4376051f4377851f4379051f437a851f437c051f437d851f
4390028f4390c28f4391828f4392428f4393028f4393c28f4394828f4395428f
433707ae433887ae433a07ae433b87ae433d07ae433e87ae434007ae434187ae
436407ae436587ae436707ae436887ae436a07ae436b87ae436d07ae436e87ae
438883d7438943d7438a03d7438ac3d7438b83d7438c43d7438d03d7438dc3d7
43280a3d43298a3d432b0a3d432c8a3d432e0a3d432f8a3d43310a3d43328a3d
43550a3d43568a3d43580a3d43598a3d435b0a3d435c8a3d435e0a3d435f8a3d
4381051f4381c51f4382851f4383451f4384051f4384c51f4385851f4386451f
43190ccd431a8ccd431c0ccd431d8ccd431f0ccd43208ccd43220ccd43238ccd
43460ccd43478ccd43490ccd434a8ccd434c0ccd434d8ccd434f0ccd43508ccd
43730ccd43748ccd43760ccd43778ccd43790ccd437a8ccd437c0ccd437d8ccd
439006664390c6664391866643924666439306664393c6664394866643954666
43370f5c43388f5c433a0f5c433b8f5c433d0f5c433e8f5c43400f5c43418f5c
43640f5c43658f5c43670f5c43688f5c436a0f5c436b8f5c436d0f5c436e8f5c
438887ae438947ae438a07ae438ac7ae438b87ae438c47ae438d07ae438dc7ae
432811ec432991ec432b11ec432c91ec432e11ec432f91ec433111ec433291ec
435511ec435691ec435811ec435991ec435b11ec435c91ec435e11ec435f91ec
438108f64381c8f6438288f6438348f6438408f64384c8f6438588f6438648f6
4319147b431a947b431c147b431d947b431f147b4320947b4322147b4323947b
4346147b4347947b4349147b434a947b434c147b434d947b434f147b4350947b
4373147b4374947b4376147b4377947b4379147b437a947b437c147b437d947b
43900a3d4390ca3d43918a3d43924a3d43930a3d4393ca3d43948a3d43954a3d
4337170a4338970a433a170a433b970a433d170a433e970a4340170a4341970a
4364170a4365970a4367170a4368970a436a170a436b970a436d170a436e970a
43888b8543894b85438a0b85438acb85438b8b85438c4b85438d0b85438dcb85
4328199a4329999a432b199a432c999a432e199a432f999a4331199a4332999a
4355199a4356999a4358199a4359999a435b199a435c999a435e199a435f999a
43810ccd4381cccd43828ccd43834ccd43840ccd4384cccd43858ccd43864ccd
43191c29431a9c29431c1c29431d9c29431f1c2943209c2943221c2943239c29
43461c2943479c2943491c29434a9c29434c1c29434d9c29434f1c2943509c29
43731c2943749c2943761c2943779c2943791c29437a9c29437c1c29437d9c29
43900e144390ce1443918e1443924e1443930e144393ce1443948e1443954e14
43371eb843389eb8433a1eb8433b9eb8433d1eb8433e9eb843401eb843419eb8
43641eb843659eb843671eb843689eb8436a1eb8436b9eb8436d1eb8436e9eb8
43888f5c43894f5c438a0f5c438acf5c438b8f5c438c4f5c438d0f5c438dcf5c
432821484329a148432b2148432ca148432e2148432fa148433121484332a148
435521484356a148435821484359a148435b2148435ca148435e2148435fa148
438110a44381d0a4438290a4438350a4438410a44384d0a4438590a4438650a4
431923d7431aa3d7431c23d7431da3d7431f23d74320a3d7432223d74323a3d7
434623d74347a3d7434923d7434aa3d7434c23d7434da3d7434f23d74350a3d7
437323d74374a3d7437623d74377a3d7437923d7437aa3d7437c23d7437da3d7
439011ec4390d1ec439191ec439251ec439311ec4393d1ec439491ec439551ec
433726664338a666433a2666433ba666433d2666433ea666434026664341a666
436426664365a666436726664368a666436a2666436ba666436d2666436ea666
4388933343895333438a1333438ad333438b9333438c5333438d1333438dd333
432828f64329a8f6432b28f6432ca8f6432e28f6432fa8f6433128f64332a8f6
435528f64356a8f6435828f64359a8f6435b28f6435ca8f6435e28f6435fa8f6
4381147b4381d47b4382947b4383547b4384147b4384d47b4385947b4386547b
43192b85431aab85431c2b85431dab85431f2b854320ab8543222b854323ab85
43462b854347ab8543492b85434aab85434c2b85434dab85434f2b854350ab85
43732b854374ab8543762b854377ab8543792b85437aab85437c2b85437dab85
439015c34390d5c3439195c3439255c3439315c34393d5c3439495c3439555c3
43372e144338ae14433a2e14433bae14433d2e14433eae1443402e144341ae14
43642e144365ae1443672e144368ae14436a2e14436bae14436d2e14436eae14
4388970a4389570a438a170a438ad70a438b970a438c570a438d170a438dd70a
432830a44329b0a4432b30a4432cb0a4432e30a4432fb0a4433130a44332b0a4
435530a44356b0a4435830a44359b0a4435b30a4435cb0a4435e30a4435fb0a4
438118524381d8524382985243835852438418524384d8524385985243865852
43193333431ab333431c3333431db333431f33334320b333432233334323b333
434633334347b33343493333434ab333434c3333434db333434f33334350b333
437333334374b333437633334377b33343793333437ab333437c3333437db333
4390199a4390d99a4391999a4392599a4393199a4393d99a4394999a4395599a
433735c34338b5c3433a35c3433bb5c3433d35c3433eb5c3434035c34341b5c3
436435c34365b5c3436735c34368b5c3436a35c3436bb5c3436d35c3436eb5c3
43889ae143895ae1438a1ae1438adae1438b9ae1438c5ae1438d1ae1438ddae1
432838524329b852432b3852432cb852432e3852432fb852433138524332b852
435538524356b852435838524359b852435b3852435cb852435e3852435fb852
43811c294381dc2943829c2943835c2943841c294384dc2943859c2943865c29
43193ae1431abae1431c3ae1431dbae1431f3ae14320bae143223ae14323bae1
43463ae14347bae143493ae1434abae1434c3ae1434dbae1434f3ae14350bae1
43733ae14374bae143763ae14377bae143793ae1437abae1437c3ae1437dbae1
43901d714390dd7143919d7143925d7143931d714393dd7143949d7143955d71
43373d714338bd71433a3d71433bbd71433d3d71433ebd7143403d714341bd71
43643d714365bd7143673d714368bd71436a3d71436bbd71436d3d71436ebd71
43889eb843895eb8438a1eb8438adeb8438b9eb8438c5eb8438d1eb8438ddeb8
432840004329c000432b4000432cc000432e4000432fc000433140004332c000
435540004356c000435840004359c000435b4000435cc000435e4000435fc000
438120004381e0004382a00043836000438420004384e0004385a00043866000
4319428f431ac28f431c428f431dc28f431f428f4320c28f4322428f4323c28f
4346428f4347c28f4349428f434ac28f434c428f434dc28f434f428f4350c28f
4373428f4374c28f4376428f4377c28f4379428f437ac28f437c428f437dc28f
439021484390e1484391a14843926148439321484393e1484394a14843956148
4337451f4338c51f433a451f433bc51f433d451f433ec51f4340451f4341c51f
4364451f4365c51f4367451f4368c51f436a451f436bc51f436d451f436ec51f
4388a28f4389628f438a228f438ae28f438ba28f438c628f438d228f438de28f
432847ae4329c7ae432b47ae432cc7ae432e47ae432fc7ae433147ae4332c7ae
435547ae4356c7ae435847ae4359c7ae435b47ae435cc7ae435e47ae435fc7ae
438123d74381e3d74382a3d7438363d7438423d74384e3d74385a3d7438663d7
43194a3d431aca3d431c4a3d431dca3d431f4a3d4320ca3d43224a3d4323ca3d
43464a3d4347ca3d43494a3d434aca3d434c4a3d434dca3d434f4a3d4350ca3d
43734a3d4374ca3d43764a3d4377ca3d43794a3d437aca3d437c4a3d437dca3d
4390251f4390e51f4391a51f4392651f4393251f4393e51f4394a51f4395651f
43a6800043a7400043a8000043a8c00043a9800043aa400043ab000043abc000
43bd000043bdc00043be800043bf400043c0000043c0c00043c1800043c24000
43d3800043d4400043d5000043d5c00043d6800043d7400043d8000043d8c000
439f0148439fc14843a0814843a1414843a2014843a2c14843a3814843a44148
43b5814843b6414843b7014843b7c14843b8814843b9414843ba014843bac148
43cc014843ccc14843cd814843ce414843cf014843cfc14843d0814843d14148
4397828f4398428f4399028f4399c28f439a828f439b428f439c028f439cc28f
43ae028f43aec28f43af828f43b0428f43b1028f43b1c28f43b2828f43b3428f
43c4828f43c5428f43c6028f43c6c28f43c7828f43c8428f43c9028f43c9c28f
43db028f43dbc28f43dc828f43dd428f43de028f43dec28f43df828f43e0428f
43a683d743a743d743a803d743a8c3d743a983d743aa43d743ab03d743abc3d7
43bd03d743bdc3d743be83d743bf43d743c003d743c0c3d743c183d743c243d7
43d383d743d443d743d503d743d5c3d743d683d743d743d743d803d743d8c3d7
439f051f439fc51f43a0851f43a1451f43a2051f43a2c51f43a3851f43a4451f
43b5851f43b6451f43b7051f43b7c51f43b8851f43b9451f43ba051f43bac51f
43cc051f43ccc51f43cd851f43ce451f43cf051f43cfc51f43d0851f43d1451f
4397866643984666439906664399c666439a8666439b4666439c0666439cc666
43ae066643aec66643af866643b0466643b1066643b1c66643b2866643b34666
43c4866643c5466643c6066643c6c66643c7866643c8466643c9066643c9c666
43db066643dbc66643dc866643dd466643de066643dec66643df866643e04666
43a687ae43a747ae43a807ae43a8c7ae43a987ae43aa47ae43ab07ae43abc7ae
43bd07ae43bdc7ae43be87ae43bf47ae43c007ae43c0c7ae43c187ae43c247ae
43d387ae43d447ae43d507ae43d5c7ae43d687ae43d747ae43d807ae43d8c7ae
439f08f6439fc8f643a088f643a148f643a208f643a2c8f643a388f643a448f6
43b588f643b648f643b708f643b7c8f643b888f643b948f643ba08f643bac8f6
43cc08f643ccc8f643cd88f643ce48f643cf08f643cfc8f643d088f643d148f6
43978a3d43984a3d43990a3d4399ca3d439a8a3d439b4a3d439c0a3d439cca3d
43ae0a3d43aeca3d43af8a3d43b04a3d43b10a3d43b1ca3d43b28a3d43b34a3d
43c48a3d43c54a3d43c60a3d43c6ca3d43c78a3d43c84a3d43c90a3d43c9ca3d
43db0a3d43dbca3d43dc8a3d43dd4a3d43de0a3d43deca3d43df8a3d43e04a3d
43a68b8543a74b8543a80b8543a8cb8543a98b8543aa4b8543ab0b8543abcb85
43bd0b8543bdcb8543be8b8543bf4b8543c00b8543c0cb8543c18b8543c24b85
43d38b8543d44b8543d50b8543d5cb8543d68b8543d74b8543d80b8543d8cb85
439f0ccd439fcccd43a08ccd43a14ccd43a20ccd43a2cccd43a38ccd43a44ccd
43b58ccd43b64ccd43b70ccd43b7cccd43b88ccd43b94ccd43ba0ccd43bacccd
43cc0ccd43cccccd43cd8ccd43ce4ccd43cf0ccd43cfcccd43d08ccd43d14ccd
43978e1443984e1443990e144399ce14439a8e14439b4e14439c0e14439cce14
43ae0e1443aece1443af8e1443b04e1443b10e1443b1ce1443b28e1443b34e14
43c48e1443c54e1443c60e1443c6ce1443c78e1443c84e1443c90e1443c9ce14
43db0e1443dbce1443dc8e1443dd4e1443de0e1443dece1443df8e1443e04e14
43a68f5c43a74f5c43a80f5c43a8cf5c43a98f5c43aa4f5c43ab0f5c43abcf5c
43bd0f5c43bdcf5c43be8f5c43bf4f5c43c00f5c43c0cf5c43c18f5c43c24f5c
43d38f5c43d44f5c43d50f5c43d5cf5c43d68f5c43d74f5c43d80f5c43d8cf5c
439f10a4439fd0a443a090a443a150a443a210a443a2d0a443a390a443a450a4
43b590a443b650a443b710a443b7d0a443b890a443b950a443ba10a443bad0a4
43cc10a443ccd0a443cd90a443ce50a443cf10a443cfd0a443d090a443d150a4
439791ec439851ec439911ec4399d1ec439a91ec439b51ec439c11ec439cd1ec
43ae11ec43aed1ec43af91ec43b051ec43b111ec43b1d1ec43b291ec43b351ec
43c491ec43c551ec43c611ec43c6d1ec43c791ec43c851ec43c911ec43c9d1ec
43db11ec43dbd1ec43dc91ec43dd51ec43de11ec43ded1ec43df91ec43e051ec
43a6933343a7533343a8133343a8d33343a9933343aa533343ab133343abd333
43bd133343bdd33343be933343bf533343c0133343c0d33343c1933343c25333
43d3933343d4533343d5133343d5d33343d6933343d7533343d8133343d8d333
439f147b439fd47b43a0947b43a1547b43a2147b43a2d47b43a3947b43a4547b
43b5947b43b6547b43b7147b43b7d47b43b8947b43b9547b43ba147b43bad47b
43cc147b43ccd47b43cd947b43ce547b43cf147b43cfd47b43d0947b43d1547b
439795c3439855c3439915c34399d5c3439a95c3439b55c3439c15c3439cd5c3
43ae15c343aed5c343af95c343b055c343b115c343b1d5c343b295c343b355c3
43c495c343c555c343c615c343c6d5c343c795c343c855c343c915c343c9d5c3
43db15c343dbd5c343dc95c343dd55c343de15c343ded5c343df95c343e055c3
43a6970a43a7570a43a8170a43a8d70a43a9970a43aa570a43ab170a43abd70a
43bd170a43bdd70a43be970a43bf570a43c0170a43c0d70a43c1970a43c2570a
43d3970a43d4570a43d5170a43d5d70a43d6970a43d7570a43d8170a43d8d70a
439f1852439fd85243a0985243a1585243a2185243a2d85243a3985243a45852
43b5985243b6585243b7185243b7d85243b8985243b9585243ba185243bad852
43cc185243ccd85243cd985243ce585243cf185243cfd85243d0985243d15852
4397999a4398599a4399199a4399d99a439a999a439b599a439c199a439cd99a
43ae199a43aed99a43af999a43b0599a43b1199a43b1d99a43b2999a43b3599a
43c4999a43c5599a43c6199a43c6d99a43c7999a43c8599a43c9199a43c9d99a
43db199a43dbd99a43dc999a43dd599a43de199a43ded99a43df999a43e0599a
43a69ae143a75ae143a81ae143a8dae143a99ae143aa5ae143ab1ae143abdae1
43bd1ae143bddae143be9ae143bf5ae143c01ae143c0dae143c19ae143c25ae1
43d39ae143d45ae143d51ae143d5dae143d69ae143d75ae143d81ae143d8dae1
439f1c29439fdc2943a09c2943a15c2943a21c2943a2dc2943a39c2943a45c29
43b59c2943b65c2943b71c2943b7dc2943b89c2943b95c2943ba1c2943badc29
43cc1c2943ccdc2943cd9c2943ce5c2943cf1c2943cfdc2943d09c2943d15c29
43979d7143985d7143991d714399dd71439a9d71439b5d71439c1d71439cdd71
43ae1d7143aedd7143af9d7143b05d7143b11d7143b1dd7143b29d7143b35d71
43c49d7143c55d7143c61d7143c6dd7143c79d7143c85d7143c91d7143c9dd71
43db1d7143dbdd7143dc9d7143dd5d7143de1d7143dedd7143df9d7143e05d71
43a69eb843a75eb843a81eb843a8deb843a99eb843aa5eb843ab1eb843abdeb8
43bd1eb843bddeb843be9eb843bf5eb843c01eb843c0deb843c19eb843c25eb8
43d39eb843d45eb843d51eb843d5deb843d69eb843d75eb843d81eb843d8deb8
439f2000439fe00043a0a00043a1600043a2200043a2e00043a3a00043a46000
43b5a00043b6600043b7200043b7e00043b8a00043b9600043ba200043bae000
43cc200043cce00043cda00043ce600043cf200043cfe00043d0a00043d16000
4397a14843986148439921484399e148439aa148439b6148439c2148439ce148
43ae214843aee14843afa14843b0614843b1214843b1e14843b2a14843b36148
43c4a14843c5614843c6214843c6e14843c7a14843c8614843c9214843c9e148
43db214843dbe14843dca14843dd614843de214843dee14843dfa14843e06148
43a6a28f43a7628f43a8228f43a8e28f43a9a28f43aa628f43ab228f43abe28f
43bd228f43bde28f43bea28f43bf628f43c0228f43c0e28f43c1a28f43c2628f
43d3a28f43d4628f43d5228f43d5e28f43d6a28f43d7628f43d8228f43d8e28f
439f23d7439fe3d743a0a3d743a163d743a223d743a2e3d743a3a3d743a463d7
43b5a3d743b663d743b723d743b7e3d743b8a3d743b963d743ba23d743bae3d7
43cc23d743cce3d743cda3d743ce63d743cf23d743cfe3d743d0a3d743d163d7
4397a51f4398651f4399251f4399e51f439aa51f439b651f439c251f439ce51f
43ae251f43aee51f43afa51f43b0651f43b1251f43b1e51f43b2a51f43b3651f
43c4a51f43c5651f43c6251f43c6e51f43c7a51f43c8651f43c9251f43c9e51f
43db251f43dbe51f43dca51f43dd651f43de251f43dee51f43dfa51f43e0651f
405333334099999a40c9999a40f9999a4114cccd412ccccd4144cccd415ccccd
4241333342473333424d33334253333342593333425f333342653333426b3333
42ba999a42bd999a42c0999a42c3999a42c6999a42c9999a42cc999a42cf999a
430a4ccd430bcccd430d4ccd430ecccd43104ccd4311cccd43134ccd4314cccd
42053d71420b3d7142113d7142173d71421d3d7142233d7142293d71422f3d71
429c9eb8429f9eb842a29eb842a59eb842a89eb842ab9eb842ae9eb842b19eb8
42f69eb842f99eb842fc9eb842ff9eb843014f5c4302cf5c43044f5c4305cf5c
41928f5c419e8f5c41aa8f5c41b68f5c41c28f5c41ce8f5c41da8f5c41e68f5c
427d47ae4281a3d74284a3d74287a3d7428aa3d7428da3d74290a3d74293a3d7
42d8a3d742dba3d742dea3d742e1a3d742e4a3d742e7a3d742eaa3d742eda3d7
40551eb8409a8f5c40ca8f5c40fa8f5c411547ae412d47ae414547ae415d47ae
424151ec424751ec424d51ec425351ec425951ec425f51ec426551ec426b51ec
42baa8f642bda8f642c0a8f642c3a8f642c6a8f642c9a8f642cca8f642cfa8f6
430a547b430bd47b430d547b430ed47b4310547b4311d47b4313547b4314d47b
42055c29420b5c2942115c2942175c29421d5c2942235c2942295c29422f5c29
429cae14429fae1442a2ae1442a5ae1442a8ae1442abae1442aeae1442b1ae14
42f6ae1442f9ae1442fcae1442ffae144301570a4302d70a4304570a4305d70a
4192cccd419ecccd41aacccd41b6cccd41c2cccd41cecccd41dacccd41e6cccd
427d66664281b3334284b3334287b333428ab333428db3334290b3334293b333
42d8b33342dbb33342deb33342e1b33342e4b33342e7b33342eab33342edb333
40570a3d409b851f40cb851f40fb851f4115c28f412dc28f4145c28f415dc28f
424170a4424770a4424d70a4425370a4425970a4425f70a4426570a4426b70a4
42bab85242bdb85242c0b85242c3b85242c6b85242c9b85242ccb85242cfb852
430a5c29430bdc29430d5c29430edc2943105c294311dc2943135c294314dc29
42057ae1420b7ae142117ae142177ae1421d7ae142237ae142297ae1422f7ae1
429cbd71429fbd7142a2bd7142a5bd7142a8bd7142abbd7142aebd7142b1bd71
42f6bd7142f9bd7142fcbd7142ffbd7143015eb84302deb843045eb84305deb8
41930a3d419f0a3d41ab0a3d41b70a3d41c30a3d41cf0a3d41db0a3d41e70a3d
427d851f4281c28f4284c28f4287c28f428ac28f428dc28f4290c28f4293c28f
42d8c28f42dbc28f42dec28f42e1c28f42e4c28f42e7c28f42eac28f42edc28f
4058f5c3409c7ae140cc7ae140fc7ae141163d71412e3d7141463d71415e3d71
42418f5c42478f5c424d8f5c42538f5c42598f5c425f8f5c42658f5c426b8f5c
42bac7ae42bdc7ae42c0c7ae42c3c7ae42c6c7ae42c9c7ae42ccc7ae42cfc7ae
430a63d7430be3d7430d63d7430ee3d7431063d74311e3d7431363d74314e3d7
4205999a420b999a4211999a4217999a421d999a4223999a4229999a422f999a
429ccccd429fcccd42a2cccd42a5cccd42a8cccd42abcccd42aecccd42b1cccd
42f6cccd42f9cccd42fccccd42ffcccd430166664302e666430466664305e666
419347ae419f47ae41ab47ae41b747ae41c347ae41cf47ae41db47ae41e747ae
427da3d74281d1ec4284d1ec4287d1ec428ad1ec428dd1ec4290d1ec4293d1ec
42d8d1ec42dbd1ec42ded1ec42e1d1ec42e4d1ec42e7d1ec42ead1ec42edd1ec
405ae148409d70a440cd70a440fd70a44116b852412eb8524146b852415eb852
4241ae144247ae14424dae144253ae144259ae14425fae144265ae14426bae14
42bad70a42bdd70a42c0d70a42c3d70a42c6d70a42c9d70a42ccd70a42cfd70a
430a6b85430beb85430d6b85430eeb8543106b854311eb8543136b854314eb85
4205b852420bb8524211b8524217b852421db8524223b8524229b852422fb852
429cdc29429fdc2942a2dc2942a5dc2942a8dc2942abdc2942aedc2942b1dc29
42f6dc2942f9dc2942fcdc2942ffdc2943016e144302ee1443046e144305ee14
4193851f419f851f41ab851f41b7851f41c3851f41cf851f41db851f41e7851f
427dc28f4281e1484284e1484287e148428ae148428de1484290e1484293e148
42d8e14842dbe14842dee14842e1e14842e4e14842e7e14842eae14842ede148
405ccccd409e666640ce666640fe666641173333412f333341473333415f3333
4241cccd4247cccd424dcccd4253cccd4259cccd425fcccd4265cccd426bcccd
42bae66642bde66642c0e66642c3e66642c6e66642c9e66642cce66642cfe666
430a7333430bf333430d7333430ef333431073334311f333431373334314f333
4205d70a420bd70a4211d70a4217d70a421dd70a4223d70a4229d70a422fd70a
429ceb85429feb8542a2eb8542a5eb8542a8eb8542abeb8542aeeb8542b1eb85
42f6eb8542f9eb8542fceb8542ffeb85430175c34302f5c3430475c34305f5c3
4193c28f419fc28f41abc28f41b7c28f41c3c28f41cfc28f41dbc28f41e7c28f
427de1484281f0a44284f0a44287f0a4428af0a4428df0a44290f0a44293f0a4
42d8f0a442dbf0a442def0a442e1f0a442e4f0a442e7f0a442eaf0a442edf0a4
405eb852409f5c2940cf5c2940ff5c294117ae14412fae144147ae14415fae14
4241eb854247eb85424deb854253eb854259eb85425feb854265eb85426beb85
42baf5c342bdf5c342c0f5c342c3f5c342c6f5c342c9f5c342ccf5c342cff5c3
430a7ae1430bfae1430d7ae1430efae143107ae14311fae143137ae14314fae1
4205f5c3420bf5c34211f5c34217f5c3421df5c34223f5c34229f5c3422ff5c3
429cfae1429ffae142a2fae142a5fae142a8fae142abfae142aefae142b1fae1
42f6fae142f9fae142fcfae142fffae143017d714302fd7143047d714305fd71
4194000041a0000041ac000041b8000041c4000041d0000041dc000041e80000
427e0000428200004285000042880000428b0000428e00004291000042940000
42d9000042dc000042df000042e2000042e5000042e8000042eb000042ee0000
4060a3d740a051ec40d051ec410028f6411828f6413028f6414828f6416028f6
42420a3d42480a3d424e0a3d42540a3d425a0a3d42600a3d42660a3d426c0a3d
42bb051f42be051f42c1051f42c4051f42c7051f42ca051f42cd051f42d0051f
430a828f430c028f430d828f430f028f4310828f4312028f4313828f4315028f
4206147b420c147b4212147b4218147b421e147b4224147b422a147b4230147b
429d0a3d42a00a3d42a30a3d42a60a3d42a90a3d42ac0a3d42af0a3d42b20a3d
42f70a3d42fa0a3d42fd0a3d4300051f4301851f4303051f4304851f4306051f
41943d7141a03d7141ac3d7141b83d7141c43d7141d03d7141dc3d7141e83d71
427e1eb842820f5c42850f5c42880f5c428b0f5c428e0f5c42910f5c42940f5c
42d90f5c42dc0f5c42df0f5c42e20f5c42e50f5c42e80f5c42eb0f5c42ee0f5c
40628f5c40a147ae40d147ae4100a3d74118a3d74130a3d74148a3d74160a3d7
424228f6424828f6424e28f6425428f6425a28f6426028f6426628f6426c28f6
42bb147b42be147b42c1147b42c4147b42c7147b42ca147b42cd147b42d0147b
430a8a3d430c0a3d430d8a3d430f0a3d43108a3d43120a3d43138a3d43150a3d
42063333420c33334212333342183333421e333342243333422a333342303333
429d199a42a0199a42a3199a42a6199a42a9199a42ac199a42af199a42b2199a
42f7199a42fa199a42fd199a43000ccd43018ccd43030ccd43048ccd43060ccd
41947ae141a07ae141ac7ae141b87ae141c47ae141d07ae141dc7ae141e87ae1
427e3d7142821eb842851eb842881eb8428b1eb8428e1eb842911eb842941eb8
42d91eb842dc1eb842df1eb842e21eb842e51eb842e81eb842eb1eb842ee1eb8
40647ae140a23d7140d23d7141011eb841191eb841311eb841491eb841611eb8
424247ae424847ae424e47ae425447ae425a47ae426047ae426647ae426c47ae
42bb23d742be23d742c123d742c423d742c723d742ca23d742cd23d742d023d7
430a91ec430c11ec430d91ec430f11ec431091ec431211ec431391ec431511ec
420651ec420c51ec421251ec421851ec421e51ec422451ec422a51ec423051ec
429d28f642a028f642a328f642a628f642a928f642ac28f642af28f642b228f6
42f728f642fa28f642fd28f64300147b4301947b4303147b4304947b4306147b
4194b85241a0b85241acb85241b8b85241c4b85241d0b85241dcb85241e8b852
427e5c2942822e1442852e1442882e14428b2e14428e2e1442912e1442942e14
42d92e1442dc2e1442df2e1442e22e1442e52e1442e82e1442eb2e1442ee2e14
43194ccd431acccd431c4ccd431dcccd431f4ccd4320cccd43224ccd4323cccd
43464ccd4347cccd43494ccd434acccd434c4ccd434dcccd434f4ccd4350cccd
43734ccd4374cccd43764ccd4377cccd43794ccd437acccd437c4ccd437dcccd
439026664390e6664391a66643926666439326664393e6664394a66643956666
43374f5c4338cf5c433a4f5c433bcf5c433d4f5c433ecf5c43404f5c4341cf5c
43644f5c4365cf5c43674f5c4368cf5c436a4f5c436bcf5c436d4f5c436ecf5c
4388a7ae438967ae438a27ae438ae7ae438ba7ae438c67ae438d27ae438de7ae
432851ec4329d1ec432b51ec432cd1ec432e51ec432fd1ec433151ec4332d1ec
435551ec4356d1ec435851ec4359d1ec435b51ec435cd1ec435e51ec435fd1ec
438128f64381e8f64382a8f6438368f6438428f64384e8f64385a8f6438668f6
4319547b431ad47b431c547b431dd47b431f547b4320d47b4322547b4323d47b
4346547b4347d47b4349547b434ad47b434c547b434dd47b434f547b4350d47b
4373547b4374d47b4376547b4377d47b4379547b437ad47b437c547b437dd47b
43902a3d4390ea3d4391aa3d43926a3d43932a3d4393ea3d4394aa3d43956a3d
4337570a4338d70a433a570a433bd70a433d570a433ed70a4340570a4341d70a
4364570a4365d70a4367570a4368d70a436a570a436bd70a436d570a436ed70a
4388ab8543896b85438a2b85438aeb85438bab85438c6b85438d2b85438deb85
4328599a4329d99a432b599a432cd99a432e599a432fd99a4331599a4332d99a
4355599a4356d99a4358599a4359d99a435b599a435cd99a435e599a435fd99a
43812ccd4381eccd4382accd43836ccd43842ccd4384eccd4385accd43866ccd
43195c29431adc29431c5c29431ddc29431f5c294320dc2943225c294323dc29
43465c294347dc2943495c29434adc29434c5c29434ddc29434f5c294350dc29
43735c294374dc2943765c294377dc2943795c29437adc29437c5c29437ddc29
43902e144390ee144391ae1443926e1443932e144393ee144394ae1443956e14
43375eb84338deb8433a5eb8433bdeb8433d5eb8433edeb843405eb84341deb8
43645eb84365deb843675eb84368deb8436a5eb8436bdeb8436d5eb8436edeb8
4388af5c43896f5c438a2f5c438aef5c438baf5c438c6f5c438d2f5c438def5c
432861484329e148432b6148432ce148432e6148432fe148433161484332e148
435561484356e148435861484359e148435b6148435ce148435e6148435fe148
438130a44381f0a44382b0a4438370a4438430a44384f0a44385b0a4438670a4
431963d7431ae3d7431c63d7431de3d7431f63d74320e3d7432263d74323e3d7
434663d74347e3d7434963d7434ae3d7434c63d7434de3d7434f63d74350e3d7
437363d74374e3d7437663d74377e3d7437963d7437ae3d7437c63d7437de3d7
439031ec4390f1ec4391b1ec439271ec439331ec4393f1ec4394b1ec439571ec
433766664338e666433a6666433be666433d6666433ee666434066664341e666
436466664365e666436766664368e666436a6666436be666436d6666436ee666
4388b33343897333438a3333438af333438bb333438c7333438d3333438df333
432868f64329e8f6432b68f6432ce8f6432e68f6432fe8f6433168f64332e8f6
435568f64356e8f6435868f64359e8f6435b68f6435ce8f6435e68f6435fe8f6
4381347b4381f47b4382b47b4383747b4384347b4384f47b4385b47b4386747b
43196b85431aeb85431c6b85431deb85431f6b854320eb8543226b854323eb85
43466b854347eb8543496b85434aeb85434c6b85434deb85434f6b854350eb85
43736b854374eb8543766b854377eb8543796b85437aeb85437c6b85437deb85
439035c34390f5c34391b5c3439275c3439335c34393f5c34394b5c3439575c3
43376e144338ee14433a6e14433bee14433d6e14433eee1443406e144341ee14
43646e144365ee1443676e144368ee14436a6e14436bee14436d6e14436eee14
4388b70a4389770a438a370a438af70a438bb70a438c770a438d370a438df70a
432870a44329f0a4432b70a4432cf0a4432e70a4432ff0a4433170a44332f0a4
435570a44356f0a4435870a44359f0a4435b70a4435cf0a4435e70a4435ff0a4
438138524381f8524382b85243837852438438524384f8524385b85243867852
43197333431af333431c7333431df333431f73334320f333432273334323f333
434673334347f33343497333434af333434c7333434df333434f73334350f333
437373334374f333437673334377f33343797333437af333437c7333437df333
4390399a4390f99a4391b99a4392799a4393399a4393f99a4394b99a4395799a
433775c34338f5c3433a75c3433bf5c3433d75c3433ef5c3434075c34341f5c3
436475c34365f5c3436775c34368f5c3436a75c3436bf5c3436d75c3436ef5c3
4388bae143897ae1438a3ae1438afae1438bbae1438c7ae1438d3ae1438dfae1
432878524329f852432b7852432cf852432e7852432ff852433178524332f852
435578524356f852435878524359f852435b7852435cf852435e7852435ff852
43813c294381fc294382bc2943837c2943843c294384fc294385bc2943867c29
43197ae1431afae1431c7ae1431dfae1431f7ae14320fae143227ae14323fae1
43467ae14347fae143497ae1434afae1434c7ae1434dfae1434f7ae14350fae1
43737ae14374fae143767ae14377fae143797ae1437afae1437c7ae1437dfae1
43903d714390fd714391bd7143927d7143933d714393fd714394bd7143957d71
43377d714338fd71433a7d71433bfd71433d7d71433efd7143407d714341fd71
43647d714365fd7143677d714368fd71436a7d71436bfd71436d7d71436efd71
4388beb843897eb8438a3eb8438afeb8438bbeb8438c7eb8438d3eb8438dfeb8
43288000432a0000432b8000432d0000432e8000433000004331800043330000
435580004357000043588000435a0000435b8000435d0000435e800043600000
43814000438200004382c0004383800043844000438500004385c00043868000
4319828f431b028f431c828f431e028f431f828f4321028f4322828f4324028f
4346828f4348028f4349828f434b028f434c828f434e028f434f828f4351028f
4373828f4375028f4376828f4378028f4379828f437b028f437c828f437e028f
43904148439101484391c1484392814843934148439401484394c14843958148
4337851f4339051f433a851f433c051f433d851f433f051f4340851f4342051f
4364851f4366051f4367851f4369051f436a851f436c051f436d851f436f051f
4388c28f4389828f438a428f438b028f438bc28f438c828f438d428f438e028f
432887ae432a07ae432b87ae432d07ae432e87ae433007ae433187ae433307ae
435587ae435707ae435887ae435a07ae435b87ae435d07ae435e87ae436007ae
438143d7438203d74382c3d7438383d7438443d7438503d74385c3d7438683d7
43198a3d431b0a3d431c8a3d431e0a3d431f8a3d43210a3d43228a3d43240a3d
43468a3d43480a3d43498a3d434b0a3d434c8a3d434e0a3d434f8a3d43510a3d
43738a3d43750a3d43768a3d43780a3d43798a3d437b0a3d437c8a3d437e0a3d
4390451f4391051f4391c51f4392851f4393451f4394051f4394c51f4395851f
43378ccd43390ccd433a8ccd433c0ccd433d8ccd433f0ccd43408ccd43420ccd
43648ccd43660ccd43678ccd43690ccd436a8ccd436c0ccd436d8ccd436f0ccd
4388c66643898666438a4666438b0666438bc666438c8666438d4666438e0666
43288f5c432a0f5c432b8f5c432d0f5c432e8f5c43300f5c43318f5c43330f5c
43558f5c43570f5c43588f5c435a0f5c435b8f5c435d0f5c435e8f5c43600f5c
438147ae438207ae4382c7ae438387ae438447ae438507ae4385c7ae438687ae
431991ec431b11ec431c91ec431e11ec431f91ec432111ec432291ec432411ec
434691ec434811ec434991ec434b11ec434c91ec434e11ec434f91ec435111ec
437391ec437511ec437691ec437811ec437991ec437b11ec437c91ec437e11ec
439048f6439108f64391c8f6439288f6439348f6439408f64394c8f6439588f6
4337947b4339147b433a947b433c147b433d947b433f147b4340947b4342147b
4364947b4366147b4367947b4369147b436a947b436c147b436d947b436f147b
4388ca3d43898a3d438a4a3d438b0a3d438bca3d438c8a3d438d4a3d438e0a3d
4328970a432a170a432b970a432d170a432e970a4330170a4331970a4333170a
4355970a4357170a4358970a435a170a435b970a435d170a435e970a4360170a
43814b8543820b854382cb8543838b8543844b8543850b854385cb8543868b85
4397a66643986666439926664399e666439aa666439b6666439c2666439ce666
43ae266643aee66643afa66643b0666643b1266643b1e66643b2a66643b36666
43c4a66643c5666643c6266643c6e66643c7a66643c8666643c9266643c9e666
43db266643dbe66643dca66643dd666643de266643dee66643dfa66643e06666
43a6a7ae43a767ae43a827ae43a8e7ae43a9a7ae43aa67ae43ab27ae43abe7ae
43bd27ae43bde7ae43bea7ae43bf67ae43c027ae43c0e7ae43c1a7ae43c267ae
43d3a7ae43d467ae43d527ae43d5e7ae43d6a7ae43d767ae43d827ae43d8e7ae
439f28f6439fe8f643a0a8f643a168f643a228f643a2e8f643a3a8f643a468f6
43b5a8f643b668f643b728f643b7e8f643b8a8f643b968f643ba28f643bae8f6
43cc28f643cce8f643cda8f643ce68f643cf28f643cfe8f643d0a8f643d168f6
4397aa3d43986a3d43992a3d4399ea3d439aaa3d439b6a3d439c2a3d439cea3d
43ae2a3d43aeea3d43afaa3d43b06a3d43b12a3d43b1ea3d43b2aa3d43b36a3d
43c4aa3d43c56a3d43c62a3d43c6ea3d43c7aa3d43c86a3d43c92a3d43c9ea3d
43db2a3d43dbea3d43dcaa3d43dd6a3d43de2a3d43deea3d43dfaa3d43e06a3d
43a6ab8543a76b8543a82b8543a8eb8543a9ab8543aa6b8543ab2b8543abeb85
43bd2b8543bdeb8543beab8543bf6b8543c02b8543c0eb8543c1ab8543c26b85
43d3ab8543d46b8543d52b8543d5eb8543d6ab8543d76b8543d82b8543d8eb85
439f2ccd439feccd43a0accd43a16ccd43a22ccd43a2eccd43a3accd43a46ccd
43b5accd43b66ccd43b72ccd43b7eccd43b8accd43b96ccd43ba2ccd43baeccd
43cc2ccd43cceccd43cdaccd43ce6ccd43cf2ccd43cfeccd43d0accd43d16ccd
4397ae1443986e1443992e144399ee14439aae14439b6e14439c2e14439cee14
43ae2e1443aeee1443afae1443b06e1443b12e1443b1ee1443b2ae1443b36e14
43c4ae1443c56e1443c62e1443c6ee1443c7ae1443c86e1443c92e1443c9ee14
43db2e1443dbee1443dcae1443dd6e1443de2e1443deee1443dfae1443e06e14
43a6af5c43a76f5c43a82f5c43a8ef5c43a9af5c43aa6f5c43ab2f5c43abef5c
43bd2f5c43bdef5c43beaf5c43bf6f5c43c02f5c43c0ef5c43c1af5c43c26f5c
43d3af5c43d46f5c43d52f5c43d5ef5c43d6af5c43d76f5c43d82f5c43d8ef5c
439f30a4439ff0a443a0b0a443a170a443a230a443a2f0a443a3b0a443a470a4
43b5b0a443b670a443b730a443b7f0a443b8b0a443b970a443ba30a443baf0a4
43cc30a443ccf0a443cdb0a443ce70a443cf30a443cff0a443d0b0a443d170a4
4397b1ec439871ec439931ec4399f1ec439ab1ec439b71ec439c31ec439cf1ec
43ae31ec43aef1ec43afb1ec43b071ec43b131ec43b1f1ec43b2b1ec43b371ec
43c4b1ec43c571ec43c631ec43c6f1ec43c7b1ec43c871ec43c931ec43c9f1ec
43db31ec43dbf1ec43dcb1ec43dd71ec43de31ec43def1ec43dfb1ec43e071ec
43a6b33343a7733343a8333343a8f33343a9b33343aa733343ab333343abf333
43bd333343bdf33343beb33343bf733343c0333343c0f33343c1b33343c27333
43d3b33343d4733343d5333343d5f33343d6b33343d7733343d8333343d8f333
439f347b439ff47b43a0b47b43a1747b43a2347b43a2f47b43a3b47b43a4747b
43b5b47b43b6747b43b7347b43b7f47b43b8b47b43b9747b43ba347b43baf47b
43cc347b43ccf47b43cdb47b43ce747b43cf347b43cff47b43d0b47b43d1747b
4397b5c3439875c3439935c34399f5c3439ab5c3439b75c3439c35c3439cf5c3
43ae35c343aef5c343afb5c343b075c343b135c343b1f5c343b2b5c343b375c3
43c4b5c343c575c343c635c343c6f5c343c7b5c343c875c343c935c343c9f5c3
43db35c343dbf5c343dcb5c343dd75c343de35c343def5c343dfb5c343e075c3
43a6b70a43a7770a43a8370a43a8f70a43a9b70a43aa770a43ab370a43abf70a
43bd370a43bdf70a43beb70a43bf770a43c0370a43c0f70a43c1b70a43c2770a
43d3b70a43d4770a43d5370a43d5f70a43d6b70a43d7770a43d8370a43d8f70a
439f3852439ff85243a0b85243a1785243a2385243a2f85243a3b85243a47852
43b5b85243b6785243b7385243b7f85243b8b85243b9785243ba385243baf852
43cc385243ccf85243cdb85243ce785243cf385243cff85243d0b85243d17852
4397b99a4398799a4399399a4399f99a439ab99a439b799a439c399a439cf99a
43ae399a43aef99a43afb99a43b0799a43b1399a43b1f99a43b2b99a43b3799a
43c4b99a43c5799a43c6399a43c6f99a43c7b99a43c8799a43c9399a43c9f99a
43db399a43dbf99a43dcb99a43dd799a43de399a43def99a43dfb99a43e0799a
43a6bae143a77ae143a83ae143a8fae143a9bae143aa7ae143ab3ae143abfae1
43bd3ae143bdfae143bebae143bf7ae143c03ae143c0fae143c1bae143c27ae1
43d3bae143d47ae143d53ae143d5fae143d6bae143d77ae143d83ae143d8fae1
439f3c29439ffc2943a0bc2943a17c2943a23c2943a2fc2943a3bc2943a47c29
43b5bc2943b67c2943b73c2943b7fc2943b8bc2943b97c2943ba3c2943bafc29
43cc3c2943ccfc2943cdbc2943ce7c2943cf3c2943cffc2943d0bc2943d17c29
4397bd7143987d7143993d714399fd71439abd71439b7d71439c3d71439cfd71
43ae3d7143aefd7143afbd7143b07d7143b13d7143b1fd7143b2bd7143b37d71
43c4bd7143c57d7143c63d7143c6fd7143c7bd7143c87d7143c93d7143c9fd71
43db3d7143dbfd7143dcbd7143dd7d7143de3d7143defd7143dfbd7143e07d71
43a6beb843a77eb843a83eb843a8feb843a9beb843aa7eb843ab3eb843abfeb8
43bd3eb843bdfeb843bebeb843bf7eb843c03eb843c0feb843c1beb843c27eb8
43d3beb843d47eb843d53eb843d5feb843d6beb843d77eb843d83eb843d8feb8
439f400043a0000043a0c00043a1800043a2400043a3000043a3c00043a48000
43b5c00043b6800043b7400043b8000043b8c00043b9800043ba400043bb0000
43cc400043cd000043cdc00043ce800043cf400043d0000043d0c00043d18000
4397c1484398814843994148439a0148439ac148439b8148439c4148439d0148
43ae414843af014843afc14843b0814843b1414843b2014843b2c14843b38148
43c4c14843c5814843c6414843c7014843c7c14843c8814843c9414843ca0148
43db414843dc014843dcc14843dd814843de414843df014843dfc14843e08148
43a6c28f43a7828f43a8428f43a9028f43a9c28f43aa828f43ab428f43ac028f
43bd428f43be028f43bec28f43bf828f43c0428f43c1028f43c1c28f43c2828f
43d3c28f43d4828f43d5428f43d6028f43d6c28f43d7828f43d8428f43d9028f
439f43d743a003d743a0c3d743a183d743a243d743a303d743a3c3d743a483d7
43b5c3d743b683d743b743d743b803d743b8c3d743b983d743ba43d743bb03d7
43cc43d743cd03d743cdc3d743ce83d743cf43d743d003d743d0c3d743d183d7
4397c51f4398851f4399451f439a051f439ac51f439b851f439c451f439d051f
43ae451f43af051f43afc51f43b0851f43b1451f43b2051f43b2c51f43b3851f
43c4c51f43c5851f43c6451f43c7051f43c7c51f43c8851f43c9451f43ca051f
43db451f43dc051f43dcc51f43dd851f43de451f43df051f43dfc51f43e0851f
43a6c66643a7866643a8466643a9066643a9c66643aa866643ab466643ac0666
43bd466643be066643bec66643bf866643c0466643c1066643c1c66643c28666
43d3c66643d4866643d5466643d6066643d6c66643d7866643d8466643d90666
439f47ae43a007ae43a0c7ae43a187ae43a247ae43a307ae43a3c7ae43a487ae
43b5c7ae43b687ae43b747ae43b807ae43b8c7ae43b987ae43ba47ae43bb07ae
43cc47ae43cd07ae43cdc7ae43ce87ae43cf47ae43d007ae43d0c7ae43d187ae
4397c8f6439888f6439948f6439a08f6439ac8f6439b88f6439c48f6439d08f6
43ae48f643af08f643afc8f643b088f643b148f643b208f643b2c8f643b388f6
43c4c8f643c588f643c648f643c708f643c7c8f643c888f643c948f643ca08f6
43db48f643dc08f643dcc8f643dd88f643de48f643df08f643dfc8f643e088f6
43a6ca3d43a78a3d43a84a3d43a90a3d43a9ca3d43aa8a3d43ab4a3d43ac0a3d
43bd4a3d43be0a3d43beca3d43bf8a3d43c04a3d43c10a3d43c1ca3d43c28a3d
43d3ca3d43d48a3d43d54a3d43d60a3d43d6ca3d43d78a3d43d84a3d43d90a3d
439f4b8543a00b8543a0cb8543a18b8543a24b8543a30b8543a3cb8543a48b85
43b5cb8543b68b8543b74b8543b80b8543b8cb8543b98b8543ba4b8543bb0b85
43cc4b8543cd0b8543cdcb8543ce8b8543cf4b8543d00b8543d0cb8543d18b85
41926666419e666641aa666641b6666641c2666641ce666641da666641e66666
427d33334281999a4284999a4287999a428a999a428d999a4290999a4293999a
42d8999a42db999a42de999a42e1999a42e4999a42e7999a42ea999a42ed999a
4053d70a4099eb8540c9eb8540f9eb854114f5c3412cf5c34144f5c3415cf5c3
42413d7142473d71424d3d7142533d7142593d71425f3d7142653d71426b3d71
42ba9eb842bd9eb842c09eb842c39eb842c69eb842c99eb842cc9eb842cf9eb8
430a4f5c430bcf5c430d4f5c430ecf5c43104f5c4311cf5c43134f5c4314cf5c
420547ae420b47ae421147ae421747ae421d47ae422347ae422947ae422f47ae
429ca3d7429fa3d742a2a3d742a5a3d742a8a3d742aba3d742aea3d742b1a3d7
42f6a3d742f9a3d742fca3d742ffa3d7430151ec4302d1ec430451ec4305d1ec
4192a3d7419ea3d741aaa3d741b6a3d741c2a3d741cea3d741daa3d741e6a3d7
427d51ec4281a8f64284a8f64287a8f6428aa8f6428da8f64290a8f64293a8f6
42d8a8f642dba8f642dea8f642e1a8f642e4a8f642e7a8f642eaa8f642eda8f6
4055c28f409ae14840cae14840fae148411570a4412d70a4414570a4415d70a4
42415c2942475c29424d5c2942535c2942595c29425f5c2942655c29426b5c29
42baae1442bdae1442c0ae1442c3ae1442c6ae1442c9ae1442ccae1442cfae14
430a570a430bd70a430d570a430ed70a4310570a4311d70a4313570a4314d70a
42056666420b66664211666642176666421d66664223666642296666422f6666
429cb333429fb33342a2b33342a5b33342a8b33342abb33342aeb33342b1b333
42f6b33342f9b33342fcb33342ffb3334301599a4302d99a4304599a4305d99a
4192e148419ee14841aae14841b6e14841c2e14841cee14841dae14841e6e148
427d70a44281b8524284b8524287b852428ab852428db8524290b8524293b852
42d8b85242dbb85242deb85242e1b85242e4b85242e7b85242eab85242edb852
4057ae14409bd70a40cbd70a40fbd70a4115eb85412deb854145eb85415deb85
42417ae142477ae1424d7ae142537ae142597ae1425f7ae142657ae1426b7ae1
42babd7142bdbd7142c0bd7142c3bd7142c6bd7142c9bd7142ccbd7142cfbd71
430a5eb8430bdeb8430d5eb8430edeb843105eb84311deb843135eb84314deb8
4205851f420b851f4211851f4217851f421d851f4223851f4229851f422f851f
429cc28f429fc28f42a2c28f42a5c28f42a8c28f42abc28f42aec28f42b1c28f
42f6c28f42f9c28f42fcc28f42ffc28f430161484302e148430461484305e148
41931eb8419f1eb841ab1eb841b71eb841c31eb841cf1eb841db1eb841e71eb8
427d8f5c4281c7ae4284c7ae4287c7ae428ac7ae428dc7ae4290c7ae4293c7ae
42d8c7ae42dbc7ae42dec7ae42e1c7ae42e4c7ae42e7c7ae42eac7ae42edc7ae
4059999a409ccccd40cccccd40fccccd41166666412e666641466666415e6666
4241999a4247999a424d999a4253999a4259999a425f999a4265999a426b999a
42bacccd42bdcccd42c0cccd42c3cccd42c6cccd42c9cccd42cccccd42cfcccd
430a6666430be666430d6666430ee666431066664311e666431366664314e666
4205a3d7420ba3d74211a3d74217a3d7421da3d74223a3d74229a3d7422fa3d7
429cd1ec429fd1ec42a2d1ec42a5d1ec42a8d1ec42abd1ec42aed1ec42b1d1ec
42f6d1ec42f9d1ec42fcd1ec42ffd1ec430168f64302e8f6430468f64305e8f6
41935c29419f5c2941ab5c2941b75c2941c35c2941cf5c2941db5c2941e75c29
427dae144281d70a4284d70a4287d70a428ad70a428dd70a4290d70a4293d70a
42d8d70a42dbd70a42ded70a42e1d70a42e4d70a42e7d70a42ead70a42edd70a
405b851f409dc28f40cdc28f40fdc28f4116e148412ee1484146e148415ee148
4241b8524247b852424db8524253b8524259b852425fb8524265b852426bb852
42badc2942bddc2942c0dc2942c3dc2942c6dc2942c9dc2942ccdc2942cfdc29
430a6e14430bee14430d6e14430eee1443106e144311ee1443136e144314ee14
4205c28f420bc28f4211c28f4217c28f421dc28f4223c28f4229c28f422fc28f
429ce148429fe14842a2e14842a5e14842a8e14842abe14842aee14842b1e148
42f6e14842f9e14842fce14842ffe148430170a44302f0a4430470a44305f0a4
4193999a419f999a41ab999a41b7999a41c3999a41cf999a41db999a41e7999a
427dcccd4281e6664284e6664287e666428ae666428de6664290e6664293e666
42d8e66642dbe66642dee66642e1e66642e4e66642e7e66642eae66642ede666
405d70a4409eb85240ceb85240feb85241175c29412f5c2941475c29415f5c29
4241d70a4247d70a424dd70a4253d70a4259d70a425fd70a4265d70a426bd70a
42baeb8542bdeb8542c0eb8542c3eb8542c6eb8542c9eb8542cceb8542cfeb85
430a75c3430bf5c3430d75c3430ef5c3431075c34311f5c3431375c34314f5c3
4205e148420be1484211e1484217e148421de1484223e1484229e148422fe148
429cf0a4429ff0a442a2f0a442a5f0a442a8f0a442abf0a442aef0a442b1f0a4
42f6f0a442f9f0a442fcf0a442fff0a4430178524302f852430478524305f852
4193d70a419fd70a41abd70a41b7d70a41c3d70a41cfd70a41dbd70a41e7d70a
427deb854281f5c34284f5c34287f5c3428af5c3428df5c34290f5c34293f5c3
42d8f5c342dbf5c342def5c342e1f5c342e4f5c342e7f5c342eaf5c342edf5c3
405f5c29409fae1440cfae1440ffae144117d70a412fd70a4147d70a415fd70a
4241f5c34247f5c3424df5c34253f5c34259f5c3425ff5c34265f5c3426bf5c3
42bafae142bdfae142c0fae142c3fae142c6fae142c9fae142ccfae142cffae1
430a7d71430bfd71430d7d71430efd7143107d714311fd7143137d714314fd71
42060000420c00004212000042180000421e000042240000422a000042300000
429d000042a0000042a3000042a6000042a9000042ac000042af000042b20000
42f7000042fa000042fd00004300000043018000430300004304800043060000
4194147b41a0147b41ac147b41b8147b41c4147b41d0147b41dc147b41e8147b
427e0a3d4282051f4285051f4288051f428b051f428e051f4291051f4294051f
42d9051f42dc051f42df051f42e2051f42e5051f42e8051f42eb051f42ee051f
406147ae40a0a3d740d0a3d7410051ec411851ec413051ec414851ec416051ec
4242147b4248147b424e147b4254147b425a147b4260147b4266147b426c147b
42bb0a3d42be0a3d42c10a3d42c40a3d42c70a3d42ca0a3d42cd0a3d42d00a3d
430a851f430c051f430d851f430f051f4310851f4312051f4313851f4315051f
42061eb8420c1eb842121eb842181eb8421e1eb842241eb8422a1eb842301eb8
429d0f5c42a00f5c42a30f5c42a60f5c42a90f5c42ac0f5c42af0f5c42b20f5c
42f70f5c42fa0f5c42fd0f5c430007ae430187ae430307ae430487ae430607ae
419451ec41a051ec41ac51ec41b851ec41c451ec41d051ec41dc51ec41e851ec
427e28f64282147b4285147b4288147b428b147b428e147b4291147b4294147b
42d9147b42dc147b42df147b42e2147b42e5147b42e8147b42eb147b42ee147b
4063333340a1999a40d1999a4100cccd4118cccd4130cccd4148cccd4160cccd
4242333342483333424e333342543333425a33334260333342663333426c3333
42bb199a42be199a42c1199a42c4199a42c7199a42ca199a42cd199a42d0199a
430a8ccd430c0ccd430d8ccd430f0ccd43108ccd43120ccd43138ccd43150ccd
42063d71420c3d7142123d7142183d71421e3d7142243d71422a3d7142303d71
429d1eb842a01eb842a31eb842a61eb842a91eb842ac1eb842af1eb842b21eb8
42f71eb842fa1eb842fd1eb843000f5c43018f5c43030f5c43048f5c43060f5c
41948f5c41a08f5c41ac8f5c41b88f5c41c48f5c41d08f5c41dc8f5c41e88f5c
427e47ae428223d7428523d7428823d7428b23d7428e23d7429123d7429423d7
42d923d742dc23d742df23d742e223d742e523d742e823d742eb23d742ee23d7
40651eb840a28f5c40d28f5c410147ae411947ae413147ae414947ae416147ae
424251ec424851ec424e51ec425451ec425a51ec426051ec426651ec426c51ec
42bb28f642be28f642c128f642c428f642c728f642ca28f642cd28f642d028f6
430a947b430c147b430d947b430f147b4310947b4312147b4313947b4315147b
42065c29420c5c2942125c2942185c29421e5c2942245c29422a5c2942305c29
429d2e1442a02e1442a32e1442a62e1442a92e1442ac2e1442af2e1442b22e14
42f72e1442fa2e1442fd2e144300170a4301970a4303170a4304970a4306170a
43284ccd4329cccd432b4ccd432ccccd432e4ccd432fcccd43314ccd4332cccd
43554ccd4356cccd43584ccd4359cccd435b4ccd435ccccd435e4ccd435fcccd
438126664381e6664382a66643836666438426664384e6664385a66643866666
43194f5c431acf5c431c4f5c431dcf5c431f4f5c4320cf5c43224f5c4323cf5c
43464f5c4347cf5c43494f5c434acf5c434c4f5c434dcf5c434f4f5c4350cf5c
43734f5c4374cf5c43764f5c4377cf5c43794f5c437acf5c437c4f5c437dcf5c
439027ae4390e7ae4391a7ae439267ae439327ae4393e7ae4394a7ae439567ae
433751ec4338d1ec433a51ec433bd1ec433d51ec433ed1ec434051ec4341d1ec
436451ec4365d1ec436751ec4368d1ec436a51ec436bd1ec436d51ec436ed1ec
4388a8f6438968f6438a28f6438ae8f6438ba8f6438c68f6438d28f6438de8f6
4328547b4329d47b432b547b432cd47b432e547b432fd47b4331547b4332d47b
4355547b4356d47b4358547b4359d47b435b547b435cd47b435e547b435fd47b
43812a3d4381ea3d4382aa3d43836a3d43842a3d4384ea3d4385aa3d43866a3d
4319570a431ad70a431c570a431dd70a431f570a4320d70a4322570a4323d70a
4346570a4347d70a4349570a434ad70a434c570a434dd70a434f570a4350d70a
4373570a4374d70a4376570a4377d70a4379570a437ad70a437c570a437dd70a
43902b854390eb854391ab8543926b8543932b854393eb854394ab8543956b85
4337599a4338d99a433a599a433bd99a433d599a433ed99a4340599a4341d99a
4364599a4365d99a4367599a4368d99a436a599a436bd99a436d599a436ed99a
4388accd43896ccd438a2ccd438aeccd438baccd438c6ccd438d2ccd438deccd
43285c294329dc29432b5c29432cdc29432e5c29432fdc2943315c294332dc29
43555c294356dc2943585c294359dc29435b5c29435cdc29435e5c29435fdc29
43812e144381ee144382ae1443836e1443842e144384ee144385ae1443866e14
43195eb8431adeb8431c5eb8431ddeb8431f5eb84320deb843225eb84323deb8
43465eb84347deb843495eb8434adeb8434c5eb8434ddeb8434f5eb84350deb8
43735eb84374deb843765eb84377deb843795eb8437adeb8437c5eb8437ddeb8
43902f5c4390ef5c4391af5c43926f5c43932f5c4393ef5c4394af5c43956f5c
433761484338e148433a6148433be148433d6148433ee148434061484341e148
436461484365e148436761484368e148436a6148436be148436d6148436ee148
4388b0a4438970a4438a30a4438af0a4438bb0a4438c70a4438d30a4438df0a4
432863d74329e3d7432b63d7432ce3d7432e63d7432fe3d7433163d74332e3d7
435563d74356e3d7435863d74359e3d7435b63d7435ce3d7435e63d7435fe3d7
438131ec4381f1ec4382b1ec438371ec438431ec4384f1ec4385b1ec438671ec
43196666431ae666431c6666431de666431f66664320e666432266664323e666
434666664347e66643496666434ae666434c6666434de666434f66664350e666
437366664374e666437666664377e66643796666437ae666437c6666437de666
439033334390f3334391b33343927333439333334393f3334394b33343957333
433768f64338e8f6433a68f6433be8f6433d68f6433ee8f6434068f64341e8f6
436468f64365e8f6436768f64368e8f6436a68f6436be8f6436d68f6436ee8f6
4388b47b4389747b438a347b438af47b438bb47b438c747b438d347b438df47b
43286b854329eb85432b6b85432ceb85432e6b85432feb8543316b854332eb85
43556b854356eb8543586b854359eb85435b6b85435ceb85435e6b85435feb85
438135c34381f5c34382b5c3438375c3438435c34384f5c34385b5c3438675c3
43196e14431aee14431c6e14431dee14431f6e144320ee1443226e144323ee14
43466e144347ee1443496e14434aee14434c6e14434dee14434f6e144350ee14
43736e144374ee1443766e144377ee1443796e14437aee14437c6e14437dee14
4390370a4390f70a4391b70a4392770a4393370a4393f70a4394b70a4395770a
433770a44338f0a4433a70a4433bf0a4433d70a4433ef0a4434070a44341f0a4
436470a44365f0a4436770a44368f0a4436a70a4436bf0a4436d70a4436ef0a4
4388b85243897852438a3852438af852438bb852438c7852438d3852438df852
432873334329f333432b7333432cf333432e7333432ff333433173334332f333
435573334356f333435873334359f333435b7333435cf333435e7333435ff333
4381399a4381f99a4382b99a4383799a4384399a4384f99a4385b99a4386799a
431975c3431af5c3431c75c3431df5c3431f75c34320f5c3432275c34323f5c3
434675c34347f5c3434975c3434af5c3434c75c3434df5c3434f75c34350f5c3
437375c34374f5c3437675c34377f5c3437975c3437af5c3437c75c3437df5c3
43903ae14390fae14391bae143927ae143933ae14393fae14394bae143957ae1
433778524338f852433a7852433bf852433d7852433ef852434078524341f852
436478524365f852436778524368f852436a7852436bf852436d7852436ef852
4388bc2943897c29438a3c29438afc29438bbc29438c7c29438d3c29438dfc29
43287ae14329fae1432b7ae1432cfae1432e7ae1432ffae143317ae14332fae1
43557ae14356fae143587ae14359fae1435b7ae1435cfae1435e7ae1435ffae1
43813d714381fd714382bd7143837d7143843d714384fd714385bd7143867d71
43197d71431afd71431c7d71431dfd71431f7d714320fd7143227d714323fd71
43467d714347fd7143497d71434afd71434c7d71434dfd71434f7d714350fd71
43737d714374fd7143767d714377fd7143797d71437afd71437c7d71437dfd71
43903eb84390feb84391beb843927eb843933eb84393feb84394beb843957eb8
4337800043390000433a8000433c0000433d8000433f00004340800043420000
43648000436600004367800043690000436a8000436c0000436d8000436f0000
4388c00043898000438a4000438b0000438bc000438c8000438d4000438e0000
4328828f432a028f432b828f432d028f432e828f4330028f4331828f4333028f
4355828f4357028f4358828f435a028f435b828f435d028f435e828f4360028f
43814148438201484382c1484383814843844148438501484385c14843868148
4319851f431b051f431c851f431e051f431f851f4321051f4322851f4324051f
4346851f4348051f4349851f434b051f434c851f434e051f434f851f4351051f
4373851f4375051f4376851f4378051f4379851f437b051f437c851f437e051f
4390428f4391028f4391c28f4392828f4393428f4394028f4394c28f4395828f
433787ae433907ae433a87ae433c07ae433d87ae433f07ae434087ae434207ae
436487ae436607ae436787ae436907ae436a87ae436c07ae436d87ae436f07ae
4388c3d7438983d7438a43d7438b03d7438bc3d7438c83d7438d43d7438e03d7
43288a3d432a0a3d432b8a3d432d0a3d432e8a3d43300a3d43318a3d43330a3d
43558a3d43570a3d43588a3d435a0a3d435b8a3d435d0a3d435e8a3d43600a3d
4381451f4382051f4382c51f4383851f4384451f4385051f4385c51f4386851f
43198ccd431b0ccd431c8ccd431e0ccd431f8ccd43210ccd43228ccd43240ccd
43468ccd43480ccd43498ccd434b0ccd434c8ccd434e0ccd434f8ccd43510ccd
43738ccd43750ccd43768ccd43780ccd43798ccd437b0ccd437c8ccd437e0ccd
43904666439106664391c6664392866643934666439406664394c66643958666
43378f5c43390f5c433a8f5c433c0f5c433d8f5c433f0f5c43408f5c43420f5c
43648f5c43660f5c43678f5c43690f5c436a8f5c436c0f5c436d8f5c436f0f5c
4388c7ae438987ae438a47ae438b07ae438bc7ae438c87ae438d47ae438e07ae
432891ec432a11ec432b91ec432d11ec432e91ec433011ec433191ec433311ec
435591ec435711ec435891ec435a11ec435b91ec435d11ec435e91ec436011ec
438148f6438208f64382c8f6438388f6438448f6438508f64385c8f6438688f6
4319947b431b147b431c947b431e147b431f947b4321147b4322947b4324147b
4346947b4348147b4349947b434b147b434c947b434e147b434f947b4351147b
4373947b4375147b4376947b4378147b4379947b437b147b437c947b437e147b
43904a3d43910a3d4391ca3d43928a3d43934a3d43940a3d4394ca3d43958a3d
4337970a4339170a433a970a433c170a433d970a433f170a4340970a4342170a
4364970a4366170a4367970a4369170a436a970a436c170a436d970a436f170a
4388cb8543898b85438a4b85438b0b85438bcb85438c8b85438d4b85438e0b85
439f2666439fe66643a0a66643a1666643a2266643a2e66643a3a66643a46666
43b5a66643b6666643b7266643b7e66643b8a66643b9666643ba266643bae666
43cc266643cce66643cda66643ce666643cf266643cfe66643d0a66643d16666
4397a7ae439867ae439927ae4399e7ae439aa7ae439b67ae439c27ae439ce7ae
43ae27ae43aee7ae43afa7ae43b067ae43b127ae43b1e7ae43b2a7ae43b367ae
43c4a7ae43c567ae43c627ae43c6e7ae43c7a7ae43c867ae43c927ae43c9e7ae
43db27ae43dbe7ae43dca7ae43dd67ae43de27ae43dee7ae43dfa7ae43e067ae
43a6a8f643a768f643a828f643a8e8f643a9a8f643aa68f643ab28f643abe8f6
43bd28f643bde8f643bea8f643bf68f643c028f643c0e8f643c1a8f643c268f6
43d3a8f643d468f643d528f643d5e8f643d6a8f643d768f643d828f643d8e8f6
439f2a3d439fea3d43a0aa3d43a16a3d43a22a3d43a2ea3d43a3aa3d43a46a3d
43b5aa3d43b66a3d43b72a3d43b7ea3d43b8aa3d43b96a3d43ba2a3d43baea3d
43cc2a3d43ccea3d43cdaa3d43ce6a3d43cf2a3d43cfea3d43d0aa3d43d16a3d
4397ab8543986b8543992b854399eb85439aab85439b6b85439c2b85439ceb85
43ae2b8543aeeb8543afab8543b06b8543b12b8543b1eb8543b2ab8543b36b85
43c4ab8543c56b8543c62b8543c6eb8543c7ab8543c86b8543c92b8543c9eb85
43db2b8543dbeb8543dcab8543dd6b8543de2b8543deeb8543dfab8543e06b85
43a6accd43a76ccd43a82ccd43a8eccd43a9accd43aa6ccd43ab2ccd43abeccd
43bd2ccd43bdeccd43beaccd43bf6ccd43c02ccd43c0eccd43c1accd43c26ccd
43d3accd43d46ccd43d52ccd43d5eccd43d6accd43d76ccd43d82ccd43d8eccd
439f2e14439fee1443a0ae1443a16e1443a22e1443a2ee1443a3ae1443a46e14
43b5ae1443b66e1443b72e1443b7ee1443b8ae1443b96e1443ba2e1443baee14
43cc2e1443ccee1443cdae1443ce6e1443cf2e1443cfee1443d0ae1443d16e14
4397af5c43986f5c43992f5c4399ef5c439aaf5c439b6f5c439c2f5c439cef5c
43ae2f5c43aeef5c43afaf5c43b06f5c43b12f5c43b1ef5c43b2af5c43b36f5c
43c4af5c43c56f5c43c62f5c43c6ef5c43c7af5c43c86f5c43c92f5c43c9ef5c
43db2f5c43dbef5c43dcaf5c43dd6f5c43de2f5c43deef5c43dfaf5c43e06f5c
43a6b0a443a770a443a830a443a8f0a443a9b0a443aa70a443ab30a443abf0a4
43bd30a443bdf0a443beb0a443bf70a443c030a443c0f0a443c1b0a443c270a4
43d3b0a443d470a443d530a443d5f0a443d6b0a443d770a443d830a443d8f0a4
439f31ec439ff1ec43a0b1ec43a171ec43a231ec43a2f1ec43a3b1ec43a471ec
43b5b1ec43b671ec43b731ec43b7f1ec43b8b1ec43b971ec43ba31ec43baf1ec
43cc31ec43ccf1ec43cdb1ec43ce71ec43cf31ec43cff1ec43d0b1ec43d171ec
4397b33343987333439933334399f333439ab333439b7333439c3333439cf333
43ae333343aef33343afb33343b0733343b1333343b1f33343b2b33343b37333
43c4b33343c5733343c6333343c6f33343c7b33343c8733343c9333343c9f333
43db333343dbf33343dcb33343dd733343de333343def33343dfb33343e07333
43a6b47b43a7747b43a8347b43a8f47b43a9b47b43aa747b43ab347b43abf47b
43bd347b43bdf47b43beb47b43bf747b43c0347b43c0f47b43c1b47b43c2747b
43d3b47b43d4747b43d5347b43d5f47b43d6b47b43d7747b43d8347b43d8f47b
439f35c3439ff5c343a0b5c343a175c343a235c343a2f5c343a3b5c343a475c3
43b5b5c343b675c343b735c343b7f5c343b8b5c343b975c343ba35c343baf5c3
43cc35c343ccf5c343cdb5c343ce75c343cf35c343cff5c343d0b5c343d175c3
4397b70a4398770a4399370a4399f70a439ab70a439b770a439c370a439cf70a
43ae370a43aef70a43afb70a43b0770a43b1370a43b1f70a43b2b70a43b3770a
43c4b70a43c5770a43c6370a43c6f70a43c7b70a43c8770a43c9370a43c9f70a
43db370a43dbf70a43dcb70a43dd770a43de370a43def70a43dfb70a43e0770a
43a6b85243a7785243a8385243a8f85243a9b85243aa785243ab385243abf852
43bd385243bdf85243beb85243bf785243c0385243c0f85243c1b85243c27852
43d3b85243d4785243d5385243d5f85243d6b85243d7785243d8385243d8f852
439f399a439ff99a43a0b99a43a1799a43a2399a43a2f99a43a3b99a43a4799a
43b5b99a43b6799a43b7399a43b7f99a43b8b99a43b9799a43ba399a43baf99a
43cc399a43ccf99a43cdb99a43ce799a43cf399a43cff99a43d0b99a43d1799a
4397bae143987ae143993ae14399fae1439abae1439b7ae1439c3ae1439cfae1
43ae3ae143aefae143afbae143b07ae143b13ae143b1fae143b2bae143b37ae1
43c4bae143c57ae143c63ae143c6fae143c7bae143c87ae143c93ae143c9fae1
43db3ae143dbfae143dcbae143dd7ae143de3ae143defae143dfbae143e07ae1
43a6bc2943a77c2943a83c2943a8fc2943a9bc2943aa7c2943ab3c2943abfc29
43bd3c2943bdfc2943bebc2943bf7c2943c03c2943c0fc2943c1bc2943c27c29
43d3bc2943d47c2943d53c2943d5fc2943d6bc2943d77c2943d83c2943d8fc29
439f3d71439ffd7143a0bd7143a17d7143a23d7143a2fd7143a3bd7143a47d71
43b5bd7143b67d7143b73d7143b7fd7143b8bd7143b97d7143ba3d7143bafd71
43cc3d7143ccfd7143cdbd7143ce7d7143cf3d7143cffd7143d0bd7143d17d71
4397beb843987eb843993eb84399feb8439abeb8439b7eb8439c3eb8439cfeb8
43ae3eb843aefeb843afbeb843b07eb843b13eb843b1feb843b2beb843b37eb8
43c4beb843c57eb843c63eb843c6feb843c7beb843c87eb843c93eb843c9feb8
43db3eb843dbfeb843dcbeb843dd7eb843de3eb843defeb843dfbeb843e07eb8
43a6c00043a7800043a8400043a9000043a9c00043aa800043ab400043ac0000
43bd400043be000043bec00043bf800043c0400043c1000043c1c00043c28000
43d3c00043d4800043d5400043d6000043d6c00043d7800043d8400043d90000
439f414843a0014843a0c14843a1814843a2414843a3014843a3c14843a48148
43b5c14843b6814843b7414843b8014843b8c14843b9814843ba414843bb0148
43cc414843cd014843cdc14843ce814843cf414843d0014843d0c14843d18148
4397c28f4398828f4399428f439a028f439ac28f439b828f439c428f439d028f
43ae428f43af028f43afc28f43b0828f43b1428f43b2028f43b2c28f43b3828f
43c4c28f43c5828f43c6428f43c7028f43c7c28f43c8828f43c9428f43ca028f
43db428f43dc028f43dcc28f43dd828f43de428f43df028f43dfc28f43e0828f
43a6c3d743a783d743a843d743a903d743a9c3d743aa83d743ab43d743ac03d7
43bd43d743be03d743bec3d743bf83d743c043d743c103d743c1c3d743c283d7
43d3c3d743d483d743d543d743d603d743d6c3d743d783d743d843d743d903d7
439f451f43a0051f43a0c51f43a1851f43a2451f43a3051f43a3c51f43a4851f
43b5c51f43b6851f43b7451f43b8051f43b8c51f43b9851f43ba451f43bb051f
43cc451f43cd051f43cdc51f43ce851f43cf451f43d0051f43d0c51f43d1851f
4397c6664398866643994666439a0666439ac666439b8666439c4666439d0666
43ae466643af066643afc66643b0866643b1466643b2066643b2c66643b38666
43c4c66643c5866643c6466643c7066643c7c66643c8866643c9466643ca0666
43db466643dc066643dcc66643dd866643de466643df066643dfc66643e08666
43a6c7ae43a787ae43a847ae43a907ae43a9c7ae43aa87ae43ab47ae43ac07ae
43bd47ae43be07ae43bec7ae43bf87ae43c047ae43c107ae43c1c7ae43c287ae
43d3c7ae43d487ae43d547ae43d607ae43d6c7ae43d787ae43d847ae43d907ae
439f48f643a008f643a0c8f643a188f643a248f643a308f643a3c8f643a488f6
43b5c8f643b688f643b748f643b808f643b8c8f643b988f643ba48f643bb08f6
43cc48f643cd08f643cdc8f643ce88f643cf48f643d008f643d0c8f643d188f6
4397ca3d43988a3d43994a3d439a0a3d439aca3d439b8a3d439c4a3d439d0a3d
43ae4a3d43af0a3d43afca3d43b08a3d43b14a3d43b20a3d43b2ca3d43b38a3d
43c4ca3d43c58a3d43c64a3d43c70a3d43c7ca3d43c88a3d43c94a3d43ca0a3d
43db4a3d43dc0a3d43dcca3d43dd8a3d43de4a3d43df0a3d43dfca3d43e08a3d
43a6cb8543a78b8543a84b8543a90b8543a9cb8543aa8b8543ab4b8543ac0b85
43bd4b8543be0b8543becb8543bf8b8543c04b8543c10b8543c1cb8543c28b85
43d3cb8543d48b8543d54b8543d60b8543d6cb8543d78b8543d84b8543d90b85
42053333420b33334211333342173333421d33334223333342293333422f3333
429c999a429f999a42a2999a42a5999a42a8999a42ab999a42ae999a42b1999a
42f6999a42f9999a42fc999a42ff999a43014ccd4302cccd43044ccd4305cccd
41927ae1419e7ae141aa7ae141b67ae141c27ae141ce7ae141da7ae141e67ae1
427d3d7142819eb842849eb842879eb8428a9eb8428d9eb842909eb842939eb8
42d89eb842db9eb842de9eb842e19eb842e49eb842e79eb842ea9eb842ed9eb8
40547ae1409a3d7140ca3d7140fa3d7141151eb8412d1eb841451eb8415d1eb8
424147ae424747ae424d47ae425347ae425947ae425f47ae426547ae426b47ae
42baa3d742bda3d742c0a3d742c3a3d742c6a3d742c9a3d742cca3d742cfa3d7
430a51ec430bd1ec430d51ec430ed1ec431051ec4311d1ec431351ec4314d1ec
420551ec420b51ec421151ec421751ec421d51ec422351ec422951ec422f51ec
429ca8f6429fa8f642a2a8f642a5a8f642a8a8f642aba8f642aea8f642b1a8f6
42f6a8f642f9a8f642fca8f642ffa8f64301547b4302d47b4304547b4305d47b
4192b852419eb85241aab85241b6b85241c2b85241ceb85241dab85241e6b852
427d5c294281ae144284ae144287ae14428aae14428dae144290ae144293ae14
42d8ae1442dbae1442deae1442e1ae1442e4ae1442e7ae1442eaae1442edae14
40566666409b333340cb333340fb33334115999a412d999a4145999a415d999a
4241666642476666424d66664253666642596666425f666642656666426b6666
42bab33342bdb33342c0b33342c3b33342c6b33342c9b33342ccb33342cfb333
430a599a430bd99a430d599a430ed99a4310599a4311d99a4313599a4314d99a
420570a4420b70a4421170a4421770a4421d70a4422370a4422970a4422f70a4
429cb852429fb85242a2b85242a5b85242a8b85242abb85242aeb85242b1b852
42f6b85242f9b85242fcb85242ffb85243015c294302dc2943045c294305dc29
4192f5c3419ef5c341aaf5c341b6f5c341c2f5c341cef5c341daf5c341e6f5c3
427d7ae14281bd714284bd714287bd71428abd71428dbd714290bd714293bd71
42d8bd7142dbbd7142debd7142e1bd7142e4bd7142e7bd7142eabd7142edbd71
405851ec409c28f640cc28f640fc28f64116147b412e147b4146147b415e147b
4241851f4247851f424d851f4253851f4259851f425f851f4265851f426b851f
42bac28f42bdc28f42c0c28f42c3c28f42c6c28f42c9c28f42ccc28f42cfc28f
430a6148430be148430d6148430ee148431061484311e148431361484314e148
42058f5c420b8f5c42118f5c42178f5c421d8f5c42238f5c42298f5c422f8f5c
429cc7ae429fc7ae42a2c7ae42a5c7ae42a8c7ae42abc7ae42aec7ae42b1c7ae
42f6c7ae42f9c7ae42fcc7ae42ffc7ae430163d74302e3d7430463d74305e3d7
41933333419f333341ab333341b7333341c3333341cf333341db333341e73333
427d999a4281cccd4284cccd4287cccd428acccd428dcccd4290cccd4293cccd
42d8cccd42dbcccd42decccd42e1cccd42e4cccd42e7cccd42eacccd42edcccd
405a3d71409d1eb840cd1eb840fd1eb841168f5c412e8f5c41468f5c415e8f5c
4241a3d74247a3d7424da3d74253a3d74259a3d7425fa3d74265a3d7426ba3d7
42bad1ec42bdd1ec42c0d1ec42c3d1ec42c6d1ec42c9d1ec42ccd1ec42cfd1ec
430a68f6430be8f6430d68f6430ee8f6431068f64311e8f6431368f64314e8f6
4205ae14420bae144211ae144217ae14421dae144223ae144229ae14422fae14
429cd70a429fd70a42a2d70a42a5d70a42a8d70a42abd70a42aed70a42b1d70a
42f6d70a42f9d70a42fcd70a42ffd70a43016b854302eb8543046b854305eb85
419370a4419f70a441ab70a441b770a441c370a441cf70a441db70a441e770a4
427db8524281dc294284dc294287dc29428adc29428ddc294290dc294293dc29
42d8dc2942dbdc2942dedc2942e1dc2942e4dc2942e7dc2942eadc2942eddc29
405c28f6409e147b40ce147b40fe147b41170a3d412f0a3d41470a3d415f0a3d
4241c28f4247c28f424dc28f4253c28f4259c28f425fc28f4265c28f426bc28f
42bae14842bde14842c0e14842c3e14842c6e14842c9e14842cce14842cfe148
430a70a4430bf0a4430d70a4430ef0a4431070a44311f0a4431370a44314f0a4
4205cccd420bcccd4211cccd4217cccd421dcccd4223cccd4229cccd422fcccd
429ce666429fe66642a2e66642a5e66642a8e66642abe66642aee66642b1e666
42f6e66642f9e66642fce66642ffe666430173334302f333430473334305f333
4193ae14419fae1441abae1441b7ae1441c3ae1441cfae1441dbae1441e7ae14
427dd70a4281eb854284eb854287eb85428aeb85428deb854290eb854293eb85
42d8eb8542dbeb8542deeb8542e1eb8542e4eb8542e7eb8542eaeb8542edeb85
405e147b409f0a3d40cf0a3d40ff0a3d4117851f412f851f4147851f415f851f
4241e1484247e148424de1484253e1484259e148425fe1484265e148426be148
42baf0a442bdf0a442c0f0a442c3f0a442c6f0a442c9f0a442ccf0a442cff0a4
430a7852430bf852430d7852430ef852431078524311f852431378524314f852
4205eb85420beb854211eb854217eb85421deb854223eb854229eb85422feb85
429cf5c3429ff5c342a2f5c342a5f5c342a8f5c342abf5c342aef5c342b1f5c3
42f6f5c342f9f5c342fcf5c342fff5c343017ae14302fae143047ae14305fae1
4193eb85419feb8541abeb8541b7eb8541c3eb8541cfeb8541dbeb8541e7eb85
427df5c34281fae14284fae14287fae1428afae1428dfae14290fae14293fae1
42d8fae142dbfae142defae142e1fae142e4fae142e7fae142eafae142edfae1
4060000040a0000040d000004100000041180000413000004148000041600000
4242000042480000424e000042540000425a00004260000042660000426c0000
42bb000042be000042c1000042c4000042c7000042ca000042cd000042d00000
430a8000430c0000430d8000430f000043108000431200004313800043150000
42060a3d420c0a3d42120a3d42180a3d421e0a3d42240a3d422a0a3d42300a3d
429d051f42a0051f42a3051f42a6051f42a9051f42ac051f42af051f42b2051f
42f7051f42fa051f42fd051f4300028f4301828f4303028f4304828f4306028f
419428f641a028f641ac28f641b828f641c428f641d028f641dc28f641e828f6
427e147b42820a3d42850a3d42880a3d428b0a3d428e0a3d42910a3d42940a3d
42d90a3d42dc0a3d42df0a3d42e20a3d42e50a3d42e80a3d42eb0a3d42ee0a3d
4061eb8540a0f5c340d0f5c341007ae141187ae141307ae141487ae141607ae1
42421eb842481eb8424e1eb842541eb8425a1eb842601eb842661eb8426c1eb8
42bb0f5c42be0f5c42c10f5c42c40f5c42c70f5c42ca0f5c42cd0f5c42d00f5c
430a87ae430c07ae430d87ae430f07ae431087ae431207ae431387ae431507ae
420628f6420c28f6421228f6421828f6421e28f6422428f6422a28f6423028f6
429d147b42a0147b42a3147b42a6147b42a9147b42ac147b42af147b42b2147b
42f7147b42fa147b42fd147b43000a3d43018a3d43030a3d43048a3d43060a3d
4194666641a0666641ac666641b8666641c4666641d0666641dc666641e86666
427e33334282199a4285199a4288199a428b199a428e199a4291199a4294199a
42d9199a42dc199a42df199a42e2199a42e5199a42e8199a42eb199a42ee199a
4063d70a40a1eb8540d1eb854100f5c34118f5c34130f5c34148f5c34160f5c3
42423d7142483d71424e3d7142543d71425a3d7142603d7142663d71426c3d71
42bb1eb842be1eb842c11eb842c41eb842c71eb842ca1eb842cd1eb842d01eb8
430a8f5c430c0f5c430d8f5c430f0f5c43108f5c43120f5c43138f5c43150f5c
420647ae420c47ae421247ae421847ae421e47ae422447ae422a47ae423047ae
429d23d742a023d742a323d742a623d742a923d742ac23d742af23d742b223d7
42f723d742fa23d742fd23d7430011ec430191ec430311ec430491ec430611ec
4194a3d741a0a3d741aca3d741b8a3d741c4a3d741d0a3d741dca3d741e8a3d7
427e51ec428228f6428528f6428828f6428b28f6428e28f6429128f6429428f6
42d928f642dc28f642df28f642e228f642e528f642e828f642eb28f642ee28f6
4065c28f40a2e14840d2e148410170a4411970a4413170a4414970a4416170a4
42425c2942485c29424e5c2942545c29425a5c2942605c2942665c29426c5c29
42bb2e1442be2e1442c12e1442c42e1442c72e1442ca2e1442cd2e1442d02e14
430a970a430c170a430d970a430f170a4310970a4312170a4313970a4315170a
43374ccd4338cccd433a4ccd433bcccd433d4ccd433ecccd43404ccd4341cccd
43644ccd4365cccd43674ccd4368cccd436a4ccd436bcccd436d4ccd436ecccd
4388a66643896666438a2666438ae666438ba666438c6666438d2666438de666
43284f5c4329cf5c432b4f5c432ccf5c432e4f5c432fcf5c43314f5c4332cf5c
43554f5c4356cf5c43584f5c4359cf5c435b4f5c435ccf5c435e4f5c435fcf5c
438127ae4381e7ae4382a7ae438367ae438427ae4384e7ae4385a7ae438667ae
431951ec431ad1ec431c51ec431dd1ec431f51ec4320d1ec432251ec4323d1ec
434651ec4347d1ec434951ec434ad1ec434c51ec434dd1ec434f51ec4350d1ec
437351ec4374d1ec437651ec4377d1ec437951ec437ad1ec437c51ec437dd1ec
439028f64390e8f64391a8f6439268f6439328f64393e8f64394a8f6439568f6
4337547b4338d47b433a547b433bd47b433d547b433ed47b4340547b4341d47b
4364547b4365d47b4367547b4368d47b436a547b436bd47b436d547b436ed47b
4388aa3d43896a3d438a2a3d438aea3d438baa3d438c6a3d438d2a3d438dea3d
4328570a4329d70a432b570a432cd70a432e570a432fd70a4331570a4332d70a
4355570a4356d70a4358570a4359d70a435b570a435cd70a435e570a435fd70a
43812b854381eb854382ab8543836b8543842b854384eb854385ab8543866b85
4319599a431ad99a431c599a431dd99a431f599a4320d99a4322599a4323d99a
4346599a4347d99a4349599a434ad99a434c599a434dd99a434f599a4350d99a
4373599a4374d99a4376599a4377d99a4379599a437ad99a437c599a437dd99a
43902ccd4390eccd4391accd43926ccd43932ccd4393eccd4394accd43956ccd
43375c294338dc29433a5c29433bdc29433d5c29433edc2943405c294341dc29
43645c294365dc2943675c294368dc29436a5c29436bdc29436d5c29436edc29
4388ae1443896e14438a2e14438aee14438bae14438c6e14438d2e14438dee14
43285eb84329deb8432b5eb8432cdeb8432e5eb8432fdeb843315eb84332deb8
43555eb84356deb843585eb84359deb8435b5eb8435cdeb8435e5eb8435fdeb8
43812f5c4381ef5c4382af5c43836f5c43842f5c4384ef5c4385af5c43866f5c
43196148431ae148431c6148431de148431f61484320e148432261484323e148
434661484347e14843496148434ae148434c6148434de148434f61484350e148
437361484374e148437661484377e14843796148437ae148437c6148437de148
439030a44390f0a44391b0a4439270a4439330a44393f0a44394b0a4439570a4
433763d74338e3d7433a63d7433be3d7433d63d7433ee3d7434063d74341e3d7
436463d74365e3d7436763d74368e3d7436a63d7436be3d7436d63d7436ee3d7
4388b1ec438971ec438a31ec438af1ec438bb1ec438c71ec438d31ec438df1ec
432866664329e666432b6666432ce666432e6666432fe666433166664332e666
435566664356e666435866664359e666435b6666435ce666435e6666435fe666
438133334381f3334382b33343837333438433334384f3334385b33343867333
431968f6431ae8f6431c68f6431de8f6431f68f64320e8f6432268f64323e8f6
434668f64347e8f6434968f6434ae8f6434c68f6434de8f6434f68f64350e8f6
437368f64374e8f6437668f64377e8f6437968f6437ae8f6437c68f6437de8f6
4390347b4390f47b4391b47b4392747b4393347b4393f47b4394b47b4395747b
43376b854338eb85433a6b85433beb85433d6b85433eeb8543406b854341eb85
43646b854365eb8543676b854368eb85436a6b85436beb85436d6b85436eeb85
4388b5c3438975c3438a35c3438af5c3438bb5c3438c75c3438d35c3438df5c3
43286e144329ee14432b6e14432cee14432e6e14432fee1443316e144332ee14
43556e144356ee1443586e144359ee14435b6e14435cee14435e6e14435fee14
4381370a4381f70a4382b70a4383770a4384370a4384f70a4385b70a4386770a
431970a4431af0a4431c70a4431df0a4431f70a44320f0a4432270a44323f0a4
434670a44347f0a4434970a4434af0a4434c70a4434df0a4434f70a44350f0a4
437370a44374f0a4437670a44377f0a4437970a4437af0a4437c70a4437df0a4
439038524390f8524391b85243927852439338524393f8524394b85243957852
433773334338f333433a7333433bf333433d7333433ef333434073334341f333
436473334365f333436773334368f333436a7333436bf333436d7333436ef333
4388b99a4389799a438a399a438af99a438bb99a438c799a438d399a438df99a
432875c34329f5c3432b75c3432cf5c3432e75c3432ff5c3433175c34332f5c3
435575c34356f5c3435875c34359f5c3435b75c3435cf5c3435e75c3435ff5c3
43813ae14381fae14382bae143837ae143843ae14384fae14385bae143867ae1
43197852431af852431c7852431df852431f78524320f852432278524323f852
434678524347f85243497852434af852434c7852434df852434f78524350f852
437378524374f852437678524377f85243797852437af852437c7852437df852
43903c294390fc294391bc2943927c2943933c294393fc294394bc2943957c29
43377ae14338fae1433a7ae1433bfae1433d7ae1433efae143407ae14341fae1
43647ae14365fae143677ae14368fae1436a7ae1436bfae1436d7ae1436efae1
4388bd7143897d71438a3d71438afd71438bbd71438c7d71438d3d71438dfd71
43287d714329fd71432b7d71432cfd71432e7d71432ffd7143317d714332fd71
43557d714356fd7143587d714359fd71435b7d71435cfd71435e7d71435ffd71
43813eb84381feb84382beb843837eb843843eb84384feb84385beb843867eb8
43198000431b0000431c8000431e0000431f8000432100004322800043240000
434680004348000043498000434b0000434c8000434e0000434f800043510000
4373800043750000437680004378000043798000437b0000437c8000437e0000
43904000439100004391c0004392800043934000439400004394c00043958000
4337828f4339028f433a828f433c028f433d828f433f028f4340828f4342028f
4364828f4366028f4367828f4369028f436a828f436c028f436d828f436f028f
4388c14843898148438a4148438b0148438bc148438c8148438d4148438e0148
4328851f432a051f432b851f432d051f432e851f4330051f4331851f4333051f
4355851f4357051f4358851f435a051f435b851f435d051f435e851f4360051f
4381428f4382028f4382c28f4383828f4384428f4385028f4385c28f4386828f
431987ae431b07ae431c87ae431e07ae431f87ae432107ae432287ae432407ae
434687ae434807ae434987ae434b07ae434c87ae434e07ae434f87ae435107ae
437387ae437507ae437687ae437807ae437987ae437b07ae437c87ae437e07ae
439043d7439103d74391c3d7439283d7439343d7439403d74394c3d7439583d7
43378a3d43390a3d433a8a3d433c0a3d433d8a3d433f0a3d43408a3d43420a3d
43648a3d43660a3d43678a3d43690a3d436a8a3d436c0a3d436d8a3d436f0a3d
4388c51f4389851f438a451f438b051f438bc51f438c851f438d451f438e051f
43288ccd432a0ccd432b8ccd432d0ccd432e8ccd43300ccd43318ccd43330ccd
43558ccd43570ccd43588ccd435a0ccd435b8ccd435d0ccd435e8ccd43600ccd
43814666438206664382c6664383866643844666438506664385c66643868666
43198f5c431b0f5c431c8f5c431e0f5c431f8f5c43210f5c43228f5c43240f5c
43468f5c43480f5c43498f5c434b0f5c434c8f5c434e0f5c434f8f5c43510f5c
43738f5c43750f5c43768f5c43780f5c43798f5c437b0f5c437c8f5c437e0f5c
439047ae439107ae4391c7ae439287ae439347ae439407ae4394c7ae439587ae
433791ec433911ec433a91ec433c11ec433d91ec433f11ec434091ec434211ec
436491ec436611ec436791ec436911ec436a91ec436c11ec436d91ec436f11ec
4388c8f6438988f6438a48f6438b08f6438bc8f6438c88f6438d48f6438e08f6
4328947b432a147b432b947b432d147b432e947b4330147b4331947b4333147b
4355947b4357147b4358947b435a147b435b947b435d147b435e947b4360147b
43814a3d43820a3d4382ca3d43838a3d43844a3d43850a3d4385ca3d43868a3d
4319970a431b170a431c970a431e170a431f970a4321170a4322970a4324170a
4346970a4348170a4349970a434b170a434c970a434e170a434f970a4351170a
4373970a4375170a4376970a4378170a4379970a437b170a437c970a437e170a
43904b8543910b854391cb8543928b8543934b8543940b854394cb8543958b85
43a6a66643a7666643a8266643a8e66643a9a66643aa666643ab266643abe666
43bd266643bde66643bea66643bf666643c0266643c0e66643c1a66643c26666
43d3a66643d4666643d5266643d5e66643d6a66643d7666643d8266643d8e666
439f27ae439fe7ae43a0a7ae43a167ae43a227ae43a2e7ae43a3a7ae43a467ae
43b5a7ae43b667ae43b727ae43b7e7ae43b8a7ae43b967ae43ba27ae43bae7ae
43cc27ae43cce7ae43cda7ae43ce67ae43cf27ae43cfe7ae43d0a7ae43d167ae
4397a8f6439868f6439928f64399e8f6439aa8f6439b68f6439c28f6439ce8f6
43ae28f643aee8f643afa8f643b068f643b128f643b1e8f643b2a8f643b368f6
43c4a8f643c568f643c628f643c6e8f643c7a8f643c868f643c928f643c9e8f6
43db28f643dbe8f643dca8f643dd68f643de28f643dee8f643dfa8f643e068f6
43a6aa3d43a76a3d43a82a3d43a8ea3d43a9aa3d43aa6a3d43ab2a3d43abea3d
43bd2a3d43bdea3d43beaa3d43bf6a3d43c02a3d43c0ea3d43c1aa3d43c26a3d
43d3aa3d43d46a3d43d52a3d43d5ea3d43d6aa3d43d76a3d43d82a3d43d8ea3d
439f2b85439feb8543a0ab8543a16b8543a22b8543a2eb8543a3ab8543a46b85
43b5ab8543b66b8543b72b8543b7eb8543b8ab8543b96b8543ba2b8543baeb85
43cc2b8543cceb8543cdab8543ce6b8543cf2b8543cfeb8543d0ab8543d16b85
4397accd43986ccd43992ccd4399eccd439aaccd439b6ccd439c2ccd439ceccd
43ae2ccd43aeeccd43afaccd43b06ccd43b12ccd43b1eccd43b2accd43b36ccd
43c4accd43c56ccd43c62ccd43c6eccd43c7accd43c86ccd43c92ccd43c9eccd
43db2ccd43dbeccd43dcaccd43dd6ccd43de2ccd43deeccd43dfaccd43e06ccd
43a6ae1443a76e1443a82e1443a8ee1443a9ae1443aa6e1443ab2e1443abee14
43bd2e1443bdee1443beae1443bf6e1443c02e1443c0ee1443c1ae1443c26e14
43d3ae1443d46e1443d52e1443d5ee1443d6ae1443d76e1443d82e1443d8ee14
439f2f5c439fef5c43a0af5c43a16f5c43a22f5c43a2ef5c43a3af5c43a46f5c
43b5af5c43b66f5c43b72f5c43b7ef5c43b8af5c43b96f5c43ba2f5c43baef5c
43cc2f5c43ccef5c43cdaf5c43ce6f5c43cf2f5c43cfef5c43d0af5c43d16f5c
4397b0a4439870a4439930a44399f0a4439ab0a4439b70a4439c30a4439cf0a4
43ae30a443aef0a443afb0a443b070a443b130a443b1f0a443b2b0a443b370a4
43c4b0a443c570a443c630a443c6f0a443c7b0a443c870a443c930a443c9f0a4
43db30a443dbf0a443dcb0a443dd70a443de30a443def0a443dfb0a443e070a4
43a6b1ec43a771ec43a831ec43a8f1ec43a9b1ec43aa71ec43ab31ec43abf1ec
43bd31ec43bdf1ec43beb1ec43bf71ec43c031ec43c0f1ec43c1b1ec43c271ec
43d3b1ec43d471ec43d531ec43d5f1ec43d6b1ec43d771ec43d831ec43d8f1ec
439f3333439ff33343a0b33343a1733343a2333343a2f33343a3b33343a47333
43b5b33343b6733343b7333343b7f33343b8b33343b9733343ba333343baf333
43cc333343ccf33343cdb33343ce733343cf333343cff33343d0b33343d17333
4397b47b4398747b4399347b4399f47b439ab47b439b747b439c347b439cf47b
43ae347b43aef47b43afb47b43b0747b43b1347b43b1f47b43b2b47b43b3747b
43c4b47b43c5747b43c6347b43c6f47b43c7b47b43c8747b43c9347b43c9f47b
43db347b43dbf47b43dcb47b43dd747b43de347b43def47b43dfb47b43e0747b
43a6b5c343a775c343a835c343a8f5c343a9b5c343aa75c343ab35c343abf5c3
43bd35c343bdf5c343beb5c343bf75c343c035c343c0f5c343c1b5c343c275c3
43d3b5c343d475c343d535c343d5f5c343d6b5c343d775c343d835c343d8f5c3
439f370a439ff70a43a0b70a43a1770a43a2370a43a2f70a43a3b70a43a4770a
43b5b70a43b6770a43b7370a43b7f70a43b8b70a43b9770a43ba370a43baf70a
43cc370a43ccf70a43cdb70a43ce770a43cf370a43cff70a43d0b70a43d1770a
4397b85243987852439938524399f852439ab852439b7852439c3852439cf852
43ae385243aef85243afb85243b0785243b1385243b1f85243b2b85243b37852
43c4b85243c5785243c6385243c6f85243c7b85243c8785243c9385243c9f852
43db385243dbf85243dcb85243dd785243de385243def85243dfb85243e07852
43a6b99a43a7799a43a8399a43a8f99a43a9b99a43aa799a43ab399a43abf99a
43bd399a43bdf99a43beb99a43bf799a43c0399a43c0f99a43c1b99a43c2799a
43d3b99a43d4799a43d5399a43d5f99a43d6b99a43d7799a43d8399a43d8f99a
439f3ae1439ffae143a0bae143a17ae143a23ae143a2fae143a3bae143a47ae1
43b5bae143b67ae143b73ae143b7fae143b8bae143b97ae143ba3ae143bafae1
43cc3ae143ccfae143cdbae143ce7ae143cf3ae143cffae143d0bae143d17ae1
4397bc2943987c2943993c294399fc29439abc29439b7c29439c3c29439cfc29
43ae3c2943aefc2943afbc2943b07c2943b13c2943b1fc2943b2bc2943b37c29
43c4bc2943c57c2943c63c2943c6fc2943c7bc2943c87c2943c93c2943c9fc29
43db3c2943dbfc2943dcbc2943dd7c2943de3c2943defc2943dfbc2943e07c29
43a6bd7143a77d7143a83d7143a8fd7143a9bd7143aa7d7143ab3d7143abfd71
43bd3d7143bdfd7143bebd7143bf7d7143c03d7143c0fd7143c1bd7143c27d71
43d3bd7143d47d7143d53d7143d5fd7143d6bd7143d77d7143d83d7143d8fd71
439f3eb8439ffeb843a0beb843a17eb843a23eb843a2feb843a3beb843a47eb8
43b5beb843b67eb843b73eb843b7feb843b8beb843b97eb843ba3eb843bafeb8
43cc3eb843ccfeb843cdbeb843ce7eb843cf3eb843cffeb843d0beb843d17eb8
4397c0004398800043994000439a0000439ac000439b8000439c4000439d0000
43ae400043af000043afc00043b0800043b1400043b2000043b2c00043b38000
43c4c00043c5800043c6400043c7000043c7c00043c8800043c9400043ca0000
43db400043dc000043dcc00043dd800043de400043df000043dfc00043e08000
43a6c14843a7814843a8414843a9014843a9c14843aa814843ab414843ac0148
43bd414843be014843bec14843bf814843c0414843c1014843c1c14843c28148
43d3c14843d4814843d5414843d6014843d6c14843d7814843d8414843d90148
439f428f43a0028f43a0c28f43a1828f43a2428f43a3028f43a3c28f43a4828f
43b5c28f43b6828f43b7428f43b8028f43b8c28f43b9828f43ba428f43bb028f
43cc428f43cd028f43cdc28f43ce828f43cf428f43d0028f43d0c28f43d1828f
4397c3d7439883d7439943d7439a03d7439ac3d7439b83d7439c43d7439d03d7
43ae43d743af03d743afc3d743b083d743b143d743b203d743b2c3d743b383d7
43c4c3d743c583d743c643d743c703d743c7c3d743c883d743c943d743ca03d7
43db43d743dc03d743dcc3d743dd83d743de43d743df03d743dfc3d743e083d7
43a6c51f43a7851f43a8451f43a9051f43a9c51f43aa851f43ab451f43ac051f
43bd451f43be051f43bec51f43bf851f43c0451f43c1051f43c1c51f43c2851f
43d3c51f43d4851f43d5451f43d6051f43d6c51f43d7851f43d8451f43d9051f
439f466643a0066643a0c66643a1866643a2466643a3066643a3c66643a48666
43b5c66643b6866643b7466643b8066643b8c66643b9866643ba466643bb0666
43cc466643cd066643cdc66643ce866643cf466643d0066643d0c66643d18666
4397c7ae439887ae439947ae439a07ae439ac7ae439b87ae439c47ae439d07ae
43ae47ae43af07ae43afc7ae43b087ae43b147ae43b207ae43b2c7ae43b387ae
43c4c7ae43c587ae43c647ae43c707ae43c7c7ae43c887ae43c947ae43ca07ae
43db47ae43dc07ae43dcc7ae43dd87ae43de47ae43df07ae43dfc7ae43e087ae
43a6c8f643a788f643a848f643a908f643a9c8f643aa88f643ab48f643ac08f6
43bd48f643be08f643bec8f643bf88f643c048f643c108f643c1c8f643c288f6
43d3c8f643d488f643d548f643d608f643d6c8f643d788f643d848f643d908f6
439f4a3d43a00a3d43a0ca3d43a18a3d43a24a3d43a30a3d43a3ca3d43a48a3d
43b5ca3d43b68a3d43b74a3d43b80a3d43b8ca3d43b98a3d43ba4a3d43bb0a3d
43cc4a3d43cd0a3d43cdca3d43ce8a3d43cf4a3d43d00a3d43d0ca3d43d18a3d
4397cb8543988b8543994b85439a0b85439acb85439b8b85439c4b85439d0b85
43ae4b8543af0b8543afcb8543b08b8543b14b8543b20b8543b2cb8543b38b85
43c4cb8543c58b8543c64b8543c70b8543c7cb8543c88b8543c94b8543ca0b85
43db4b8543dc0b8543dccb8543dd8b8543de4b8543df0b8543dfcb8543e08b85
