0000000000000000000000000000000000000000000000003e4ccccd3e570a3d
000000000000000000000000000000000000000000000000404ccccd404d70a4
00000000000000000000000000000000000000000000000040c6666640c6b852
0000000000000000000000000000000000000000000000003dcccccd3de147ae
0000000000000000000000000000000000000000000000004046666640470a3d
00000000000000000000000000000000000000000000000040c3333340c3851f
000000000000000000000000000000000000000000000000000000003c23d70a
000000000000000000000000000000000000000000000000404000004040a3d7
00000000000000000000000000000000000000000000000040c0000040c051ec
0000000000000000000000000000000000000000000000003f99999a3f9ae148
000000000000000000000000000000000000000000000000408666664086b852
00000000000000000000000000000000000000000000000040e6666640e6b852
0000000000000000000000000000000000000000000000003f8ccccd3f8e147b
000000000000000000000000000000000000000000000000408333334083851f
00000000000000000000000000000000000000000000000040e3333340e3851f
0000000000000000000000000000000000000000000000003f8000003f8147ae
00000000000000000000000000000000000000000000000040800000408051ec
00000000000000000000000000000000000000000000000040e0000040e051ec
000000000000000000000000000000000000000000000000400ccccd400d70a4
00000000000000000000000000000000000000000000000040a6666640a6b852
0000000000000000000000000000000000000000000000004103333341035c29
0000000000000000000000000000000000000000000000004006666640070a3d
00000000000000000000000000000000000000000000000040a3333340a3851f
0000000000000000000000000000000000000000000000004101999a4101c28f
000000000000000000000000000000000000000000000000400000004000a3d7
00000000000000000000000000000000000000000000000040a0000040a051ec
00000000000000000000000000000000000000000000000041000000410028f6
0000000000000000000000000000000000000000000000004113333341135c29
0000000000000000000000000000000000000000000000004143333341435c29
0000000000000000000000000000000000000000000000004173333341735c29
0000000000000000000000000000000000000000000000004111999a4111c28f
0000000000000000000000000000000000000000000000004141999a4141c28f
0000000000000000000000000000000000000000000000004171999a4171c28f
00000000000000000000000000000000000000000000000041100000411028f6
00000000000000000000000000000000000000000000000041400000414028f6
00000000000000000000000000000000000000000000000041700000417028f6
0000000000000000000000000000000000000000000000004123333341235c29
0000000000000000000000000000000000000000000000004153333341535c29
0000000000000000000000000000000000000000000000004181999a4181ae14
0000000000000000000000000000000000000000000000004121999a4121c28f
0000000000000000000000000000000000000000000000004151999a4151c28f
0000000000000000000000000000000000000000000000004180cccd4180e148
00000000000000000000000000000000000000000000000041200000412028f6
00000000000000000000000000000000000000000000000041500000415028f6
000000000000000000000000000000000000000000000000418000004180147b
0000000000000000000000000000000000000000000000004133333341335c29
0000000000000000000000000000000000000000000000004163333341635c29
0000000000000000000000000000000000000000000000004189999a4189ae14
0000000000000000000000000000000000000000000000004131999a4131c28f
0000000000000000000000000000000000000000000000004161999a4161c28f
0000000000000000000000000000000000000000000000004188cccd4188e148
00000000000000000000000000000000000000000000000041300000413028f6
00000000000000000000000000000000000000000000000041600000416028f6
000000000000000000000000000000000000000000000000418800004188147b
0000000000000000000000000000000000000000000000004191999a4191ae14
00000000000000000000000000000000000000000000000041a9999a41a9ae14
00000000000000000000000000000000000000000000000041c1999a41c1ae14
0000000000000000000000000000000000000000000000004190cccd4190e148
00000000000000000000000000000000000000000000000041a8cccd41a8e148
00000000000000000000000000000000000000000000000041c0cccd41c0e148
000000000000000000000000000000000000000000000000419000004190147b
00000000000000000000000000000000000000000000000041a8000041a8147b
00000000000000000000000000000000000000000000000041c0000041c0147b
0000000000000000000000000000000000000000000000004199999a4199ae14
00000000000000000000000000000000000000000000000041b1999a41b1ae14
00000000000000000000000000000000000000000000000041c9999a41c9ae14
0000000000000000000000000000000000000000000000004198cccd4198e148
00000000000000000000000000000000000000000000000041b0cccd41b0e148
00000000000000000000000000000000000000000000000041c8cccd41c8e148
000000000000000000000000000000000000000000000000419800004198147b
00000000000000000000000000000000000000000000000041b0000041b0147b
00000000000000000000000000000000000000000000000041c8000041c8147b
00000000000000000000000000000000000000000000000041a1999a41a1ae14
00000000000000000000000000000000000000000000000041b9999a41b9ae14
00000000000000000000000000000000000000000000000041d1999a41d1ae14
00000000000000000000000000000000000000000000000041a0cccd41a0e148
00000000000000000000000000000000000000000000000041b8cccd41b8e148
00000000000000000000000000000000000000000000000041d0cccd41d0e148
00000000000000000000000000000000000000000000000041a0000041a0147b
00000000000000000000000000000000000000000000000041b8000041b8147b
00000000000000000000000000000000000000000000000041d0000041d0147b
000000000000000000000000000000000000000000000000000000003fc00000
00000000000000000000000000000000000000000000000042340000423a0000
00000000000000000000000000000000000000000000000042b4000042b70000
0000000000000000000000000000000000000000000000004307000043088000
00000000000000000000000000000000000000000000000041f0147b41fc147b
0000000000000000000000000000000000000000000000004296051f4299051f
00000000000000000000000000000000000000000000000042f0051f42f3051f
000000000000000000000000000000000000000000000000417051ec418428f6
0000000000000000000000000000000000000000000000004270147b4276147b
00000000000000000000000000000000000000000000000042d20a3d42d50a3d
0000000000000000000000000000000000000000000000003cf5c28f3fc3d70a
00000000000000000000000000000000000000000000000042341eb8423a1eb8
00000000000000000000000000000000000000000000000042b40f5c42b70f5c
000000000000000000000000000000000000000000000000430707ae430887ae
00000000000000000000000000000000000000000000000041f051ec41fc51ec
0000000000000000000000000000000000000000000000004296147b4299147b
00000000000000000000000000000000000000000000000042f0147b42f3147b
0000000000000000000000000000000000000000000000004170cccd41846666
0000000000000000000000000000000000000000000000004270333342763333
00000000000000000000000000000000000000000000000042d2199a42d5199a
0000000000000000000000000000000000000000000000003d75c28f3fc7ae14
00000000000000000000000000000000000000000000000042343d71423a3d71
00000000000000000000000000000000000000000000000042b41eb842b71eb8
00000000000000000000000000000000000000000000000043070f5c43088f5c
00000000000000000000000000000000000000000000000041f08f5c41fc8f5c
000000000000000000000000000000000000000000000000429623d7429923d7
00000000000000000000000000000000000000000000000042f023d742f323d7
000000000000000000000000000000000000000000000000417147ae4184a3d7
000000000000000000000000000000000000000000000000427051ec427651ec
00000000000000000000000000000000000000000000000042d228f642d528f6
0000000000000000000000000000000000000000000000003db851ec3fcb851f
00000000000000000000000000000000000000000000000042345c29423a5c29
00000000000000000000000000000000000000000000000042b42e1442b72e14
0000000000000000000000000000000000000000000000004307170a4308970a
00000000000000000000000000000000000000000000000041f0cccd41fccccd
0000000000000000000000000000000000000000000000004296333342993333
00000000000000000000000000000000000000000000000042f0333342f33333
0000000000000000000000000000000000000000000000004171c28f4184e148
000000000000000000000000000000000000000000000000427070a4427670a4
00000000000000000000000000000000000000000000000042d2385242d53852
0000000000000000000000000000000000000000000000003df5c28f3fcf5c29
00000000000000000000000000000000000000000000000042347ae1423a7ae1
00000000000000000000000000000000000000000000000042b43d7142b73d71
00000000000000000000000000000000000000000000000043071eb843089eb8
00000000000000000000000000000000000000000000000041f10a3d41fd0a3d
0000000000000000000000000000000000000000000000004296428f4299428f
00000000000000000000000000000000000000000000000042f0428f42f3428f
00000000000000000000000000000000000000000000000041723d7141851eb8
00000000000000000000000000000000000000000000000042708f5c42768f5c
00000000000000000000000000000000000000000000000042d247ae42d547ae
0000000000000000000000000000000000000000000000003e19999a3fd33333
0000000000000000000000000000000000000000000000004234999a423a999a
00000000000000000000000000000000000000000000000042b44ccd42b74ccd
000000000000000000000000000000000000000000000000430726664308a666
00000000000000000000000000000000000000000000000041f147ae41fd47ae
000000000000000000000000000000000000000000000000429651ec429951ec
00000000000000000000000000000000000000000000000042f051ec42f351ec
0000000000000000000000000000000000000000000000004172b85241855c29
0000000000000000000000000000000000000000000000004270ae144276ae14
00000000000000000000000000000000000000000000000042d2570a42d5570a
0000000000000000000000000000000000000000000000003e3851ec3fd70a3d
0000000000000000000000000000000000000000000000004234b852423ab852
00000000000000000000000000000000000000000000000042b45c2942b75c29
00000000000000000000000000000000000000000000000043072e144308ae14
00000000000000000000000000000000000000000000000041f1851f41fd851f
0000000000000000000000000000000000000000000000004296614842996148
00000000000000000000000000000000000000000000000042f0614842f36148
000000000000000000000000000000000000000000000000417333334185999a
0000000000000000000000000000000000000000000000004270cccd4276cccd
00000000000000000000000000000000000000000000000042d2666642d56666
0000000000000000000000000000000000000000000000003e570a3d3fdae148
0000000000000000000000000000000000000000000000004234d70a423ad70a
00000000000000000000000000000000000000000000000042b46b8542b76b85
000000000000000000000000000000000000000000000000430735c34308b5c3
00000000000000000000000000000000000000000000000041f1c28f41fdc28f
000000000000000000000000000000000000000000000000429670a4429970a4
00000000000000000000000000000000000000000000000042f070a442f370a4
0000000000000000000000000000000000000000000000004173ae144185d70a
0000000000000000000000000000000000000000000000004270eb854276eb85
00000000000000000000000000000000000000000000000042d275c342d575c3
0000000000000000000000000000000000000000000000003e75c28f3fdeb852
0000000000000000000000000000000000000000000000004234f5c3423af5c3
00000000000000000000000000000000000000000000000042b47ae142b77ae1
00000000000000000000000000000000000000000000000043073d714308bd71
00000000000000000000000000000000000000000000000041f2000041fe0000
0000000000000000000000000000000000000000000000004296800042998000
00000000000000000000000000000000000000000000000042f0800042f38000
000000000000000000000000000000000000000000000000417428f64186147b
00000000000000000000000000000000000000000000000042710a3d42770a3d
00000000000000000000000000000000000000000000000042d2851f42d5851f
0000000000000000000000000000000000000000000000003e8a3d713fe28f5c
0000000000000000000000000000000000000000000000004235147b423b147b
00000000000000000000000000000000000000000000000042b48a3d42b78a3d
0000000000000000000000000000000000000000000000004307451f4308c51f
00000000000000000000000000000000000000000000000041f23d7141fe3d71
00000000000000000000000000000000000000000000000042968f5c42998f5c
00000000000000000000000000000000000000000000000042f08f5c42f38f5c
0000000000000000000000000000000000000000000000004174a3d7418651ec
000000000000000000000000000000000000000000000000427128f6427728f6
00000000000000000000000000000000000000000000000042d2947b42d5947b
0000000000000000000000000000000000000000000000004316000043178000
0000000000000000000000000000000000000000000000004343000043448000
0000000000000000000000000000000000000000000000004370000043718000
000000000000000000000000000000000000000000000000438e8000438f4000
0000000000000000000000000000000000000000000000004334028f4335828f
0000000000000000000000000000000000000000000000004361028f4362828f
000000000000000000000000000000000000000000000000438701484387c148
0000000000000000000000000000000000000000000000004325051f4326851f
0000000000000000000000000000000000000000000000004352051f4353851f
000000000000000000000000000000000000000000000000437f051f4380428f
000000000000000000000000000000000000000000000000431607ae431787ae
000000000000000000000000000000000000000000000000434307ae434487ae
000000000000000000000000000000000000000000000000437007ae437187ae
000000000000000000000000000000000000000000000000438e83d7438f43d7
00000000000000000000000000000000000000000000000043340a3d43358a3d
00000000000000000000000000000000000000000000000043610a3d43628a3d
0000000000000000000000000000000000000000000000004387051f4387c51f
00000000000000000000000000000000000000000000000043250ccd43268ccd
00000000000000000000000000000000000000000000000043520ccd43538ccd
000000000000000000000000000000000000000000000000437f0ccd43804666
00000000000000000000000000000000000000000000000043160f5c43178f5c
00000000000000000000000000000000000000000000000043430f5c43448f5c
00000000000000000000000000000000000000000000000043700f5c43718f5c
000000000000000000000000000000000000000000000000438e87ae438f47ae
000000000000000000000000000000000000000000000000433411ec433591ec
000000000000000000000000000000000000000000000000436111ec436291ec
000000000000000000000000000000000000000000000000438708f64387c8f6
0000000000000000000000000000000000000000000000004325147b4326947b
0000000000000000000000000000000000000000000000004352147b4353947b
000000000000000000000000000000000000000000000000437f147b43804a3d
0000000000000000000000000000000000000000000000004316170a4317970a
0000000000000000000000000000000000000000000000004343170a4344970a
0000000000000000000000000000000000000000000000004370170a4371970a
000000000000000000000000000000000000000000000000438e8b85438f4b85
0000000000000000000000000000000000000000000000004334199a4335999a
0000000000000000000000000000000000000000000000004361199a4362999a
00000000000000000000000000000000000000000000000043870ccd4387cccd
00000000000000000000000000000000000000000000000043251c2943269c29
00000000000000000000000000000000000000000000000043521c2943539c29
000000000000000000000000000000000000000000000000437f1c2943804e14
00000000000000000000000000000000000000000000000043161eb843179eb8
00000000000000000000000000000000000000000000000043431eb843449eb8
00000000000000000000000000000000000000000000000043701eb843719eb8
000000000000000000000000000000000000000000000000438e8f5c438f4f5c
000000000000000000000000000000000000000000000000433421484335a148
000000000000000000000000000000000000000000000000436121484362a148
000000000000000000000000000000000000000000000000438710a44387d0a4
000000000000000000000000000000000000000000000000432523d74326a3d7
000000000000000000000000000000000000000000000000435223d74353a3d7
000000000000000000000000000000000000000000000000437f23d7438051ec
000000000000000000000000000000000000000000000000431626664317a666
000000000000000000000000000000000000000000000000434326664344a666
000000000000000000000000000000000000000000000000437026664371a666
000000000000000000000000000000000000000000000000438e9333438f5333
000000000000000000000000000000000000000000000000433428f64335a8f6
000000000000000000000000000000000000000000000000436128f64362a8f6
0000000000000000000000000000000000000000000000004387147b4387d47b
00000000000000000000000000000000000000000000000043252b854326ab85
00000000000000000000000000000000000000000000000043522b854353ab85
000000000000000000000000000000000000000000000000437f2b85438055c3
00000000000000000000000000000000000000000000000043162e144317ae14
00000000000000000000000000000000000000000000000043432e144344ae14
00000000000000000000000000000000000000000000000043702e144371ae14
000000000000000000000000000000000000000000000000438e970a438f570a
000000000000000000000000000000000000000000000000433430a44335b0a4
000000000000000000000000000000000000000000000000436130a44362b0a4
000000000000000000000000000000000000000000000000438718524387d852
000000000000000000000000000000000000000000000000432533334326b333
000000000000000000000000000000000000000000000000435233334353b333
000000000000000000000000000000000000000000000000437f33334380599a
000000000000000000000000000000000000000000000000431635c34317b5c3
000000000000000000000000000000000000000000000000434335c34344b5c3
000000000000000000000000000000000000000000000000437035c34371b5c3
000000000000000000000000000000000000000000000000438e9ae1438f5ae1
000000000000000000000000000000000000000000000000433438524335b852
000000000000000000000000000000000000000000000000436138524362b852
00000000000000000000000000000000000000000000000043871c294387dc29
00000000000000000000000000000000000000000000000043253ae14326bae1
00000000000000000000000000000000000000000000000043523ae14353bae1
000000000000000000000000000000000000000000000000437f3ae143805d71
00000000000000000000000000000000000000000000000043163d714317bd71
00000000000000000000000000000000000000000000000043433d714344bd71
00000000000000000000000000000000000000000000000043703d714371bd71
000000000000000000000000000000000000000000000000438e9eb8438f5eb8
000000000000000000000000000000000000000000000000433440004335c000
000000000000000000000000000000000000000000000000436140004362c000
000000000000000000000000000000000000000000000000438720004387e000
0000000000000000000000000000000000000000000000004325428f4326c28f
0000000000000000000000000000000000000000000000004352428f4353c28f
000000000000000000000000000000000000000000000000437f428f43806148
0000000000000000000000000000000000000000000000004316451f4317c51f
0000000000000000000000000000000000000000000000004343451f4344c51f
0000000000000000000000000000000000000000000000004370451f4371c51f
000000000000000000000000000000000000000000000000438ea28f438f628f
000000000000000000000000000000000000000000000000433447ae4335c7ae
000000000000000000000000000000000000000000000000436147ae4362c7ae
000000000000000000000000000000000000000000000000438723d74387e3d7
00000000000000000000000000000000000000000000000043254a3d4326ca3d
00000000000000000000000000000000000000000000000043524a3d4353ca3d
000000000000000000000000000000000000000000000000437f4a3d4380651f
000000000000000000000000000000000000000000000000439600004396c000
00000000000000000000000000000000000000000000000043ac800043ad4000
00000000000000000000000000000000000000000000000043c3000043c3c000
00000000000000000000000000000000000000000000000043d9800043da4000
00000000000000000000000000000000000000000000000043a5014843a5c148
00000000000000000000000000000000000000000000000043bb814843bc4148
00000000000000000000000000000000000000000000000043d2014843d2c148
000000000000000000000000000000000000000000000000439d828f439e428f
00000000000000000000000000000000000000000000000043b4028f43b4c28f
00000000000000000000000000000000000000000000000043ca828f43cb428f
000000000000000000000000000000000000000000000000439603d74396c3d7
00000000000000000000000000000000000000000000000043ac83d743ad43d7
00000000000000000000000000000000000000000000000043c303d743c3c3d7
00000000000000000000000000000000000000000000000043d983d743da43d7
00000000000000000000000000000000000000000000000043a5051f43a5c51f
00000000000000000000000000000000000000000000000043bb851f43bc451f
00000000000000000000000000000000000000000000000043d2051f43d2c51f
000000000000000000000000000000000000000000000000439d8666439e4666
00000000000000000000000000000000000000000000000043b4066643b4c666
00000000000000000000000000000000000000000000000043ca866643cb4666
000000000000000000000000000000000000000000000000439607ae4396c7ae
00000000000000000000000000000000000000000000000043ac87ae43ad47ae
00000000000000000000000000000000000000000000000043c307ae43c3c7ae
00000000000000000000000000000000000000000000000043d987ae43da47ae
00000000000000000000000000000000000000000000000043a508f643a5c8f6
00000000000000000000000000000000000000000000000043bb88f643bc48f6
00000000000000000000000000000000000000000000000043d208f643d2c8f6
000000000000000000000000000000000000000000000000439d8a3d439e4a3d
00000000000000000000000000000000000000000000000043b40a3d43b4ca3d
00000000000000000000000000000000000000000000000043ca8a3d43cb4a3d
00000000000000000000000000000000000000000000000043960b854396cb85
00000000000000000000000000000000000000000000000043ac8b8543ad4b85
00000000000000000000000000000000000000000000000043c30b8543c3cb85
00000000000000000000000000000000000000000000000043d98b8543da4b85
00000000000000000000000000000000000000000000000043a50ccd43a5cccd
00000000000000000000000000000000000000000000000043bb8ccd43bc4ccd
00000000000000000000000000000000000000000000000043d20ccd43d2cccd
000000000000000000000000000000000000000000000000439d8e14439e4e14
00000000000000000000000000000000000000000000000043b40e1443b4ce14
00000000000000000000000000000000000000000000000043ca8e1443cb4e14
00000000000000000000000000000000000000000000000043960f5c4396cf5c
00000000000000000000000000000000000000000000000043ac8f5c43ad4f5c
00000000000000000000000000000000000000000000000043c30f5c43c3cf5c
00000000000000000000000000000000000000000000000043d98f5c43da4f5c
00000000000000000000000000000000000000000000000043a510a443a5d0a4
00000000000000000000000000000000000000000000000043bb90a443bc50a4
00000000000000000000000000000000000000000000000043d210a443d2d0a4
000000000000000000000000000000000000000000000000439d91ec439e51ec
00000000000000000000000000000000000000000000000043b411ec43b4d1ec
00000000000000000000000000000000000000000000000043ca91ec43cb51ec
000000000000000000000000000000000000000000000000439613334396d333
00000000000000000000000000000000000000000000000043ac933343ad5333
00000000000000000000000000000000000000000000000043c3133343c3d333
00000000000000000000000000000000000000000000000043d9933343da5333
00000000000000000000000000000000000000000000000043a5147b43a5d47b
00000000000000000000000000000000000000000000000043bb947b43bc547b
00000000000000000000000000000000000000000000000043d2147b43d2d47b
000000000000000000000000000000000000000000000000439d95c3439e55c3
00000000000000000000000000000000000000000000000043b415c343b4d5c3
00000000000000000000000000000000000000000000000043ca95c343cb55c3
0000000000000000000000000000000000000000000000004396170a4396d70a
00000000000000000000000000000000000000000000000043ac970a43ad570a
00000000000000000000000000000000000000000000000043c3170a43c3d70a
00000000000000000000000000000000000000000000000043d9970a43da570a
00000000000000000000000000000000000000000000000043a5185243a5d852
00000000000000000000000000000000000000000000000043bb985243bc5852
00000000000000000000000000000000000000000000000043d2185243d2d852
000000000000000000000000000000000000000000000000439d999a439e599a
00000000000000000000000000000000000000000000000043b4199a43b4d99a
00000000000000000000000000000000000000000000000043ca999a43cb599a
00000000000000000000000000000000000000000000000043961ae14396dae1
00000000000000000000000000000000000000000000000043ac9ae143ad5ae1
00000000000000000000000000000000000000000000000043c31ae143c3dae1
00000000000000000000000000000000000000000000000043d99ae143da5ae1
00000000000000000000000000000000000000000000000043a51c2943a5dc29
00000000000000000000000000000000000000000000000043bb9c2943bc5c29
00000000000000000000000000000000000000000000000043d21c2943d2dc29
000000000000000000000000000000000000000000000000439d9d71439e5d71
00000000000000000000000000000000000000000000000043b41d7143b4dd71
00000000000000000000000000000000000000000000000043ca9d7143cb5d71
00000000000000000000000000000000000000000000000043961eb84396deb8
00000000000000000000000000000000000000000000000043ac9eb843ad5eb8
00000000000000000000000000000000000000000000000043c31eb843c3deb8
00000000000000000000000000000000000000000000000043d99eb843da5eb8
00000000000000000000000000000000000000000000000043a5200043a5e000
00000000000000000000000000000000000000000000000043bba00043bc6000
00000000000000000000000000000000000000000000000043d2200043d2e000
000000000000000000000000000000000000000000000000439da148439e6148
00000000000000000000000000000000000000000000000043b4214843b4e148
00000000000000000000000000000000000000000000000043caa14843cb6148
0000000000000000000000000000000000000000000000004396228f4396e28f
00000000000000000000000000000000000000000000000043aca28f43ad628f
00000000000000000000000000000000000000000000000043c3228f43c3e28f
00000000000000000000000000000000000000000000000043d9a28f43da628f
00000000000000000000000000000000000000000000000043a523d743a5e3d7
00000000000000000000000000000000000000000000000043bba3d743bc63d7
00000000000000000000000000000000000000000000000043d223d743d2e3d7
000000000000000000000000000000000000000000000000439da51f439e651f
00000000000000000000000000000000000000000000000043b4251f43b4e51f
00000000000000000000000000000000000000000000000043caa51f43cb651f
0000000000000000000000000000000000000000000000004170000041840000
0000000000000000000000000000000000000000000000004270000042760000
00000000000000000000000000000000000000000000000042d2000042d50000
0000000000000000000000000000000000000000000000003c23d70a3fc147ae
00000000000000000000000000000000000000000000000042340a3d423a0a3d
00000000000000000000000000000000000000000000000042b4051f42b7051f
0000000000000000000000000000000000000000000000004307028f4308828f
00000000000000000000000000000000000000000000000041f028f641fc28f6
00000000000000000000000000000000000000000000000042960a3d42990a3d
00000000000000000000000000000000000000000000000042f00a3d42f30a3d
00000000000000000000000000000000000000000000000041707ae141843d71
00000000000000000000000000000000000000000000000042701eb842761eb8
00000000000000000000000000000000000000000000000042d20f5c42d50f5c
0000000000000000000000000000000000000000000000003d23d70a3fc51eb8
000000000000000000000000000000000000000000000000423428f6423a28f6
00000000000000000000000000000000000000000000000042b4147b42b7147b
00000000000000000000000000000000000000000000000043070a3d43088a3d
00000000000000000000000000000000000000000000000041f0666641fc6666
0000000000000000000000000000000000000000000000004296199a4299199a
00000000000000000000000000000000000000000000000042f0199a42f3199a
0000000000000000000000000000000000000000000000004170f5c341847ae1
00000000000000000000000000000000000000000000000042703d7142763d71
00000000000000000000000000000000000000000000000042d21eb842d51eb8
0000000000000000000000000000000000000000000000003d8f5c293fc8f5c3
000000000000000000000000000000000000000000000000423447ae423a47ae
00000000000000000000000000000000000000000000000042b423d742b723d7
000000000000000000000000000000000000000000000000430711ec430891ec
00000000000000000000000000000000000000000000000041f0a3d741fca3d7
000000000000000000000000000000000000000000000000429628f6429928f6
00000000000000000000000000000000000000000000000042f028f642f328f6
000000000000000000000000000000000000000000000000417170a44184b852
00000000000000000000000000000000000000000000000042705c2942765c29
00000000000000000000000000000000000000000000000042d22e1442d52e14
0000000000000000000000000000000000000000000000003dcccccd3fcccccd
00000000000000000000000000000000000000000000000042346666423a6666
00000000000000000000000000000000000000000000000042b4333342b73333
0000000000000000000000000000000000000000000000004307199a4308999a
00000000000000000000000000000000000000000000000041f0e14841fce148
0000000000000000000000000000000000000000000000004296385242993852
00000000000000000000000000000000000000000000000042f0385242f33852
0000000000000000000000000000000000000000000000004171eb854184f5c3
00000000000000000000000000000000000000000000000042707ae142767ae1
00000000000000000000000000000000000000000000000042d23d7142d53d71
0000000000000000000000000000000000000000000000003e051eb83fd0a3d7
0000000000000000000000000000000000000000000000004234851f423a851f
00000000000000000000000000000000000000000000000042b4428f42b7428f
000000000000000000000000000000000000000000000000430721484308a148
00000000000000000000000000000000000000000000000041f11eb841fd1eb8
000000000000000000000000000000000000000000000000429647ae429947ae
00000000000000000000000000000000000000000000000042f047ae42f347ae
0000000000000000000000000000000000000000000000004172666641853333
0000000000000000000000000000000000000000000000004270999a4276999a
00000000000000000000000000000000000000000000000042d24ccd42d54ccd
0000000000000000000000000000000000000000000000003e23d70a3fd47ae1
0000000000000000000000000000000000000000000000004234a3d7423aa3d7
00000000000000000000000000000000000000000000000042b451ec42b751ec
000000000000000000000000000000000000000000000000430728f64308a8f6
00000000000000000000000000000000000000000000000041f15c2941fd5c29
0000000000000000000000000000000000000000000000004296570a4299570a
00000000000000000000000000000000000000000000000042f0570a42f3570a
0000000000000000000000000000000000000000000000004172e148418570a4
0000000000000000000000000000000000000000000000004270b8524276b852
00000000000000000000000000000000000000000000000042d25c2942d55c29
0000000000000000000000000000000000000000000000003e428f5c3fd851ec
0000000000000000000000000000000000000000000000004234c28f423ac28f
00000000000000000000000000000000000000000000000042b4614842b76148
000000000000000000000000000000000000000000000000430730a44308b0a4
00000000000000000000000000000000000000000000000041f1999a41fd999a
0000000000000000000000000000000000000000000000004296666642996666
00000000000000000000000000000000000000000000000042f0666642f36666
00000000000000000000000000000000000000000000000041735c294185ae14
0000000000000000000000000000000000000000000000004270d70a4276d70a
00000000000000000000000000000000000000000000000042d26b8542d56b85
0000000000000000000000000000000000000000000000003e6147ae3fdc28f6
0000000000000000000000000000000000000000000000004234e148423ae148
00000000000000000000000000000000000000000000000042b470a442b770a4
000000000000000000000000000000000000000000000000430738524308b852
00000000000000000000000000000000000000000000000041f1d70a41fdd70a
000000000000000000000000000000000000000000000000429675c3429975c3
00000000000000000000000000000000000000000000000042f075c342f375c3
0000000000000000000000000000000000000000000000004173d70a4185eb85
0000000000000000000000000000000000000000000000004270f5c34276f5c3
00000000000000000000000000000000000000000000000042d27ae142d57ae1
0000000000000000000000000000000000000000000000003e8000003fe00000
00000000000000000000000000000000000000000000000042350000423b0000
00000000000000000000000000000000000000000000000042b4800042b78000
000000000000000000000000000000000000000000000000430740004308c000
00000000000000000000000000000000000000000000000041f2147b41fe147b
0000000000000000000000000000000000000000000000004296851f4299851f
00000000000000000000000000000000000000000000000042f0851f42f3851f
000000000000000000000000000000000000000000000000417451ec418628f6
0000000000000000000000000000000000000000000000004271147b4277147b
00000000000000000000000000000000000000000000000042d28a3d42d58a3d
0000000000000000000000000000000000000000000000003e8f5c293fe3d70a
00000000000000000000000000000000000000000000000042351eb8423b1eb8
00000000000000000000000000000000000000000000000042b48f5c42b78f5c
000000000000000000000000000000000000000000000000430747ae4308c7ae
00000000000000000000000000000000000000000000000041f251ec41fe51ec
0000000000000000000000000000000000000000000000004296947b4299947b
00000000000000000000000000000000000000000000000042f0947b42f3947b
0000000000000000000000000000000000000000000000004325000043268000
0000000000000000000000000000000000000000000000004352000043538000
000000000000000000000000000000000000000000000000437f000043804000
0000000000000000000000000000000000000000000000004316028f4317828f
0000000000000000000000000000000000000000000000004343028f4344828f
0000000000000000000000000000000000000000000000004370028f4371828f
000000000000000000000000000000000000000000000000438e8148438f4148
0000000000000000000000000000000000000000000000004334051f4335851f
0000000000000000000000000000000000000000000000004361051f4362851f
0000000000000000000000000000000000000000000000004387028f4387c28f
000000000000000000000000000000000000000000000000432507ae432687ae
000000000000000000000000000000000000000000000000435207ae435387ae
000000000000000000000000000000000000000000000000437f07ae438043d7
00000000000000000000000000000000000000000000000043160a3d43178a3d
00000000000000000000000000000000000000000000000043430a3d43448a3d
00000000000000000000000000000000000000000000000043700a3d43718a3d
000000000000000000000000000000000000000000000000438e851f438f451f
00000000000000000000000000000000000000000000000043340ccd43358ccd
00000000000000000000000000000000000000000000000043610ccd43628ccd
000000000000000000000000000000000000000000000000438706664387c666
00000000000000000000000000000000000000000000000043250f5c43268f5c
00000000000000000000000000000000000000000000000043520f5c43538f5c
000000000000000000000000000000000000000000000000437f0f5c438047ae
000000000000000000000000000000000000000000000000431611ec431791ec
000000000000000000000000000000000000000000000000434311ec434491ec
000000000000000000000000000000000000000000000000437011ec437191ec
000000000000000000000000000000000000000000000000438e88f6438f48f6
0000000000000000000000000000000000000000000000004334147b4335947b
0000000000000000000000000000000000000000000000004361147b4362947b
00000000000000000000000000000000000000000000000043870a3d4387ca3d
0000000000000000000000000000000000000000000000004325170a4326970a
0000000000000000000000000000000000000000000000004352170a4353970a
000000000000000000000000000000000000000000000000437f170a43804b85
0000000000000000000000000000000000000000000000004316199a4317999a
0000000000000000000000000000000000000000000000004343199a4344999a
0000000000000000000000000000000000000000000000004370199a4371999a
000000000000000000000000000000000000000000000000438e8ccd438f4ccd
00000000000000000000000000000000000000000000000043341c2943359c29
00000000000000000000000000000000000000000000000043611c2943629c29
00000000000000000000000000000000000000000000000043870e144387ce14
00000000000000000000000000000000000000000000000043251eb843269eb8
00000000000000000000000000000000000000000000000043521eb843539eb8
000000000000000000000000000000000000000000000000437f1eb843804f5c
000000000000000000000000000000000000000000000000431621484317a148
000000000000000000000000000000000000000000000000434321484344a148
000000000000000000000000000000000000000000000000437021484371a148
000000000000000000000000000000000000000000000000438e90a4438f50a4
000000000000000000000000000000000000000000000000433423d74335a3d7
000000000000000000000000000000000000000000000000436123d74362a3d7
000000000000000000000000000000000000000000000000438711ec4387d1ec
000000000000000000000000000000000000000000000000432526664326a666
000000000000000000000000000000000000000000000000435226664353a666
000000000000000000000000000000000000000000000000437f266643805333
000000000000000000000000000000000000000000000000431628f64317a8f6
000000000000000000000000000000000000000000000000434328f64344a8f6
000000000000000000000000000000000000000000000000437028f64371a8f6
000000000000000000000000000000000000000000000000438e947b438f547b
00000000000000000000000000000000000000000000000043342b854335ab85
00000000000000000000000000000000000000000000000043612b854362ab85
000000000000000000000000000000000000000000000000438715c34387d5c3
00000000000000000000000000000000000000000000000043252e144326ae14
00000000000000000000000000000000000000000000000043522e144353ae14
000000000000000000000000000000000000000000000000437f2e144380570a
000000000000000000000000000000000000000000000000431630a44317b0a4
000000000000000000000000000000000000000000000000434330a44344b0a4
000000000000000000000000000000000000000000000000437030a44371b0a4
000000000000000000000000000000000000000000000000438e9852438f5852
000000000000000000000000000000000000000000000000433433334335b333
000000000000000000000000000000000000000000000000436133334362b333
0000000000000000000000000000000000000000000000004387199a4387d99a
000000000000000000000000000000000000000000000000432535c34326b5c3
000000000000000000000000000000000000000000000000435235c34353b5c3
000000000000000000000000000000000000000000000000437f35c343805ae1
000000000000000000000000000000000000000000000000431638524317b852
000000000000000000000000000000000000000000000000434338524344b852
000000000000000000000000000000000000000000000000437038524371b852
000000000000000000000000000000000000000000000000438e9c29438f5c29
00000000000000000000000000000000000000000000000043343ae14335bae1
00000000000000000000000000000000000000000000000043613ae14362bae1
00000000000000000000000000000000000000000000000043871d714387dd71
00000000000000000000000000000000000000000000000043253d714326bd71
00000000000000000000000000000000000000000000000043523d714353bd71
000000000000000000000000000000000000000000000000437f3d7143805eb8
000000000000000000000000000000000000000000000000431640004317c000
000000000000000000000000000000000000000000000000434340004344c000
000000000000000000000000000000000000000000000000437040004371c000
000000000000000000000000000000000000000000000000438ea000438f6000
0000000000000000000000000000000000000000000000004334428f4335c28f
0000000000000000000000000000000000000000000000004361428f4362c28f
000000000000000000000000000000000000000000000000438721484387e148
0000000000000000000000000000000000000000000000004325451f4326c51f
0000000000000000000000000000000000000000000000004352451f4353c51f
000000000000000000000000000000000000000000000000437f451f4380628f
000000000000000000000000000000000000000000000000431647ae4317c7ae
000000000000000000000000000000000000000000000000434347ae4344c7ae
000000000000000000000000000000000000000000000000437047ae4371c7ae
000000000000000000000000000000000000000000000000438ea3d7438f63d7
00000000000000000000000000000000000000000000000043344a3d4335ca3d
00000000000000000000000000000000000000000000000043614a3d4362ca3d
0000000000000000000000000000000000000000000000004387251f4387e51f
000000000000000000000000000000000000000000000000439d8000439e4000
00000000000000000000000000000000000000000000000043b4000043b4c000
00000000000000000000000000000000000000000000000043ca800043cb4000
000000000000000000000000000000000000000000000000439601484396c148
00000000000000000000000000000000000000000000000043ac814843ad4148
00000000000000000000000000000000000000000000000043c3014843c3c148
00000000000000000000000000000000000000000000000043d9814843da4148
00000000000000000000000000000000000000000000000043a5028f43a5c28f
00000000000000000000000000000000000000000000000043bb828f43bc428f
00000000000000000000000000000000000000000000000043d2028f43d2c28f
000000000000000000000000000000000000000000000000439d83d7439e43d7
00000000000000000000000000000000000000000000000043b403d743b4c3d7
00000000000000000000000000000000000000000000000043ca83d743cb43d7
0000000000000000000000000000000000000000000000004396051f4396c51f
00000000000000000000000000000000000000000000000043ac851f43ad451f
00000000000000000000000000000000000000000000000043c3051f43c3c51f
00000000000000000000000000000000000000000000000043d9851f43da451f
00000000000000000000000000000000000000000000000043a5066643a5c666
00000000000000000000000000000000000000000000000043bb866643bc4666
00000000000000000000000000000000000000000000000043d2066643d2c666
000000000000000000000000000000000000000000000000439d87ae439e47ae
00000000000000000000000000000000000000000000000043b407ae43b4c7ae
00000000000000000000000000000000000000000000000043ca87ae43cb47ae
000000000000000000000000000000000000000000000000439608f64396c8f6
00000000000000000000000000000000000000000000000043ac88f643ad48f6
00000000000000000000000000000000000000000000000043c308f643c3c8f6
00000000000000000000000000000000000000000000000043d988f643da48f6
00000000000000000000000000000000000000000000000043a50a3d43a5ca3d
00000000000000000000000000000000000000000000000043bb8a3d43bc4a3d
00000000000000000000000000000000000000000000000043d20a3d43d2ca3d
000000000000000000000000000000000000000000000000439d8b85439e4b85
00000000000000000000000000000000000000000000000043b40b8543b4cb85
00000000000000000000000000000000000000000000000043ca8b8543cb4b85
00000000000000000000000000000000000000000000000043960ccd4396cccd
00000000000000000000000000000000000000000000000043ac8ccd43ad4ccd
00000000000000000000000000000000000000000000000043c30ccd43c3cccd
00000000000000000000000000000000000000000000000043d98ccd43da4ccd
00000000000000000000000000000000000000000000000043a50e1443a5ce14
00000000000000000000000000000000000000000000000043bb8e1443bc4e14
00000000000000000000000000000000000000000000000043d20e1443d2ce14
000000000000000000000000000000000000000000000000439d8f5c439e4f5c
00000000000000000000000000000000000000000000000043b40f5c43b4cf5c
00000000000000000000000000000000000000000000000043ca8f5c43cb4f5c
000000000000000000000000000000000000000000000000439610a44396d0a4
00000000000000000000000000000000000000000000000043ac90a443ad50a4
00000000000000000000000000000000000000000000000043c310a443c3d0a4
00000000000000000000000000000000000000000000000043d990a443da50a4
00000000000000000000000000000000000000000000000043a511ec43a5d1ec
00000000000000000000000000000000000000000000000043bb91ec43bc51ec
00000000000000000000000000000000000000000000000043d211ec43d2d1ec
000000000000000000000000000000000000000000000000439d9333439e5333
00000000000000000000000000000000000000000000000043b4133343b4d333
00000000000000000000000000000000000000000000000043ca933343cb5333
0000000000000000000000000000000000000000000000004396147b4396d47b
00000000000000000000000000000000000000000000000043ac947b43ad547b
00000000000000000000000000000000000000000000000043c3147b43c3d47b
00000000000000000000000000000000000000000000000043d9947b43da547b
00000000000000000000000000000000000000000000000043a515c343a5d5c3
00000000000000000000000000000000000000000000000043bb95c343bc55c3
00000000000000000000000000000000000000000000000043d215c343d2d5c3
000000000000000000000000000000000000000000000000439d970a439e570a
00000000000000000000000000000000000000000000000043b4170a43b4d70a
00000000000000000000000000000000000000000000000043ca970a43cb570a
000000000000000000000000000000000000000000000000439618524396d852
00000000000000000000000000000000000000000000000043ac985243ad5852
00000000000000000000000000000000000000000000000043c3185243c3d852
00000000000000000000000000000000000000000000000043d9985243da5852
00000000000000000000000000000000000000000000000043a5199a43a5d99a
00000000000000000000000000000000000000000000000043bb999a43bc599a
00000000000000000000000000000000000000000000000043d2199a43d2d99a
000000000000000000000000000000000000000000000000439d9ae1439e5ae1
00000000000000000000000000000000000000000000000043b41ae143b4dae1
00000000000000000000000000000000000000000000000043ca9ae143cb5ae1
00000000000000000000000000000000000000000000000043961c294396dc29
00000000000000000000000000000000000000000000000043ac9c2943ad5c29
00000000000000000000000000000000000000000000000043c31c2943c3dc29
00000000000000000000000000000000000000000000000043d99c2943da5c29
00000000000000000000000000000000000000000000000043a51d7143a5dd71
00000000000000000000000000000000000000000000000043bb9d7143bc5d71
00000000000000000000000000000000000000000000000043d21d7143d2dd71
000000000000000000000000000000000000000000000000439d9eb8439e5eb8
00000000000000000000000000000000000000000000000043b41eb843b4deb8
00000000000000000000000000000000000000000000000043ca9eb843cb5eb8
000000000000000000000000000000000000000000000000439620004396e000
00000000000000000000000000000000000000000000000043aca00043ad6000
00000000000000000000000000000000000000000000000043c3200043c3e000
00000000000000000000000000000000000000000000000043d9a00043da6000
00000000000000000000000000000000000000000000000043a5214843a5e148
00000000000000000000000000000000000000000000000043bba14843bc6148
00000000000000000000000000000000000000000000000043d2214843d2e148
000000000000000000000000000000000000000000000000439da28f439e628f
00000000000000000000000000000000000000000000000043b4228f43b4e28f
00000000000000000000000000000000000000000000000043caa28f43cb628f
000000000000000000000000000000000000000000000000439623d74396e3d7
00000000000000000000000000000000000000000000000043aca3d743ad63d7
00000000000000000000000000000000000000000000000043c323d743c3e3d7
00000000000000000000000000000000000000000000000043d9a3d743da63d7
00000000000000000000000000000000000000000000000043a5251f43a5e51f
00000000000000000000000000000000000000000000000043bba51f43bc651f
00000000000000000000000000000000000000000000000043d2251f43d2e51f
00000000000000000000000000000000000000000000000041f0000041fc0000
0000000000000000000000000000000000000000000000004296000042990000
00000000000000000000000000000000000000000000000042f0000042f30000
000000000000000000000000000000000000000000000000417028f64184147b
00000000000000000000000000000000000000000000000042700a3d42760a3d
00000000000000000000000000000000000000000000000042d2051f42d5051f
0000000000000000000000000000000000000000000000003ca3d70a3fc28f5c
0000000000000000000000000000000000000000000000004234147b423a147b
00000000000000000000000000000000000000000000000042b40a3d42b70a3d
0000000000000000000000000000000000000000000000004307051f4308851f
00000000000000000000000000000000000000000000000041f03d7141fc3d71
00000000000000000000000000000000000000000000000042960f5c42990f5c
00000000000000000000000000000000000000000000000042f00f5c42f30f5c
0000000000000000000000000000000000000000000000004170a3d7418451ec
000000000000000000000000000000000000000000000000427028f6427628f6
00000000000000000000000000000000000000000000000042d2147b42d5147b
0000000000000000000000000000000000000000000000003d4ccccd3fc66666
00000000000000000000000000000000000000000000000042343333423a3333
00000000000000000000000000000000000000000000000042b4199a42b7199a
00000000000000000000000000000000000000000000000043070ccd43088ccd
00000000000000000000000000000000000000000000000041f07ae141fc7ae1
00000000000000000000000000000000000000000000000042961eb842991eb8
00000000000000000000000000000000000000000000000042f01eb842f31eb8
00000000000000000000000000000000000000000000000041711eb841848f5c
000000000000000000000000000000000000000000000000427047ae427647ae
00000000000000000000000000000000000000000000000042d223d742d523d7
0000000000000000000000000000000000000000000000003da3d70a3fca3d71
000000000000000000000000000000000000000000000000423451ec423a51ec
00000000000000000000000000000000000000000000000042b428f642b728f6
0000000000000000000000000000000000000000000000004307147b4308947b
00000000000000000000000000000000000000000000000041f0b85241fcb852
00000000000000000000000000000000000000000000000042962e1442992e14
00000000000000000000000000000000000000000000000042f02e1442f32e14
0000000000000000000000000000000000000000000000004171999a4184cccd
0000000000000000000000000000000000000000000000004270666642766666
00000000000000000000000000000000000000000000000042d2333342d53333
0000000000000000000000000000000000000000000000003de147ae3fce147b
000000000000000000000000000000000000000000000000423470a4423a70a4
00000000000000000000000000000000000000000000000042b4385242b73852
00000000000000000000000000000000000000000000000043071c2943089c29
00000000000000000000000000000000000000000000000041f0f5c341fcf5c3
00000000000000000000000000000000000000000000000042963d7142993d71
00000000000000000000000000000000000000000000000042f03d7142f33d71
0000000000000000000000000000000000000000000000004172147b41850a3d
0000000000000000000000000000000000000000000000004270851f4276851f
00000000000000000000000000000000000000000000000042d2428f42d5428f
0000000000000000000000000000000000000000000000003e0f5c293fd1eb85
00000000000000000000000000000000000000000000000042348f5c423a8f5c
00000000000000000000000000000000000000000000000042b447ae42b747ae
000000000000000000000000000000000000000000000000430723d74308a3d7
00000000000000000000000000000000000000000000000041f1333341fd3333
00000000000000000000000000000000000000000000000042964ccd42994ccd
00000000000000000000000000000000000000000000000042f04ccd42f34ccd
00000000000000000000000000000000000000000000000041728f5c418547ae
0000000000000000000000000000000000000000000000004270a3d74276a3d7
00000000000000000000000000000000000000000000000042d251ec42d551ec
0000000000000000000000000000000000000000000000003e2e147b3fd5c28f
0000000000000000000000000000000000000000000000004234ae14423aae14
00000000000000000000000000000000000000000000000042b4570a42b7570a
00000000000000000000000000000000000000000000000043072b854308ab85
00000000000000000000000000000000000000000000000041f170a441fd70a4
00000000000000000000000000000000000000000000000042965c2942995c29
00000000000000000000000000000000000000000000000042f05c2942f35c29
00000000000000000000000000000000000000000000000041730a3d4185851f
0000000000000000000000000000000000000000000000004270c28f4276c28f
00000000000000000000000000000000000000000000000042d2614842d56148
0000000000000000000000000000000000000000000000003e4ccccd3fd9999a
0000000000000000000000000000000000000000000000004234cccd423acccd
00000000000000000000000000000000000000000000000042b4666642b76666
000000000000000000000000000000000000000000000000430733334308b333
00000000000000000000000000000000000000000000000041f1ae1441fdae14
00000000000000000000000000000000000000000000000042966b8542996b85
00000000000000000000000000000000000000000000000042f06b8542f36b85
0000000000000000000000000000000000000000000000004173851f4185c28f
0000000000000000000000000000000000000000000000004270e1484276e148
00000000000000000000000000000000000000000000000042d270a442d570a4
0000000000000000000000000000000000000000000000003e6b851f3fdd70a4
0000000000000000000000000000000000000000000000004234eb85423aeb85
00000000000000000000000000000000000000000000000042b475c342b775c3
00000000000000000000000000000000000000000000000043073ae14308bae1
00000000000000000000000000000000000000000000000041f1eb8541fdeb85
00000000000000000000000000000000000000000000000042967ae142997ae1
00000000000000000000000000000000000000000000000042f07ae142f37ae1
0000000000000000000000000000000000000000000000004174000041860000
0000000000000000000000000000000000000000000000004271000042770000
00000000000000000000000000000000000000000000000042d2800042d58000
0000000000000000000000000000000000000000000000003e851eb83fe147ae
00000000000000000000000000000000000000000000000042350a3d423b0a3d
00000000000000000000000000000000000000000000000042b4851f42b7851f
0000000000000000000000000000000000000000000000004307428f4308c28f
00000000000000000000000000000000000000000000000041f228f641fe28f6
00000000000000000000000000000000000000000000000042968a3d42998a3d
00000000000000000000000000000000000000000000000042f08a3d42f38a3d
00000000000000000000000000000000000000000000000041747ae141863d71
00000000000000000000000000000000000000000000000042711eb842771eb8
00000000000000000000000000000000000000000000000042d28f5c42d58f5c
0000000000000000000000000000000000000000000000003e947ae13fe51eb8
000000000000000000000000000000000000000000000000423528f6423b28f6
00000000000000000000000000000000000000000000000042b4947b42b7947b
00000000000000000000000000000000000000000000000043074a3d4308ca3d
0000000000000000000000000000000000000000000000004334000043358000
0000000000000000000000000000000000000000000000004361000043628000
000000000000000000000000000000000000000000000000438700004387c000
0000000000000000000000000000000000000000000000004325028f4326828f
0000000000000000000000000000000000000000000000004352028f4353828f
000000000000000000000000000000000000000000000000437f028f43804148
0000000000000000000000000000000000000000000000004316051f4317851f
0000000000000000000000000000000000000000000000004343051f4344851f
0000000000000000000000000000000000000000000000004370051f4371851f
000000000000000000000000000000000000000000000000438e828f438f428f
000000000000000000000000000000000000000000000000433407ae433587ae
000000000000000000000000000000000000000000000000436107ae436287ae
000000000000000000000000000000000000000000000000438703d74387c3d7
00000000000000000000000000000000000000000000000043250a3d43268a3d
00000000000000000000000000000000000000000000000043520a3d43538a3d
000000000000000000000000000000000000000000000000437f0a3d4380451f
00000000000000000000000000000000000000000000000043160ccd43178ccd
00000000000000000000000000000000000000000000000043430ccd43448ccd
00000000000000000000000000000000000000000000000043700ccd43718ccd
000000000000000000000000000000000000000000000000438e8666438f4666
00000000000000000000000000000000000000000000000043340f5c43358f5c
00000000000000000000000000000000000000000000000043610f5c43628f5c
000000000000000000000000000000000000000000000000438707ae4387c7ae
000000000000000000000000000000000000000000000000432511ec432691ec
000000000000000000000000000000000000000000000000435211ec435391ec
000000000000000000000000000000000000000000000000437f11ec438048f6
0000000000000000000000000000000000000000000000004316147b4317947b
0000000000000000000000000000000000000000000000004343147b4344947b
0000000000000000000000000000000000000000000000004370147b4371947b
000000000000000000000000000000000000000000000000438e8a3d438f4a3d
0000000000000000000000000000000000000000000000004334170a4335970a
0000000000000000000000000000000000000000000000004361170a4362970a
00000000000000000000000000000000000000000000000043870b854387cb85
0000000000000000000000000000000000000000000000004325199a4326999a
0000000000000000000000000000000000000000000000004352199a4353999a
000000000000000000000000000000000000000000000000437f199a43804ccd
00000000000000000000000000000000000000000000000043161c2943179c29
00000000000000000000000000000000000000000000000043431c2943449c29
00000000000000000000000000000000000000000000000043701c2943719c29
000000000000000000000000000000000000000000000000438e8e14438f4e14
00000000000000000000000000000000000000000000000043341eb843359eb8
00000000000000000000000000000000000000000000000043611eb843629eb8
00000000000000000000000000000000000000000000000043870f5c4387cf5c
000000000000000000000000000000000000000000000000432521484326a148
000000000000000000000000000000000000000000000000435221484353a148
000000000000000000000000000000000000000000000000437f2148438050a4
000000000000000000000000000000000000000000000000431623d74317a3d7
000000000000000000000000000000000000000000000000434323d74344a3d7
000000000000000000000000000000000000000000000000437023d74371a3d7
000000000000000000000000000000000000000000000000438e91ec438f51ec
000000000000000000000000000000000000000000000000433426664335a666
000000000000000000000000000000000000000000000000436126664362a666
000000000000000000000000000000000000000000000000438713334387d333
000000000000000000000000000000000000000000000000432528f64326a8f6
000000000000000000000000000000000000000000000000435228f64353a8f6
000000000000000000000000000000000000000000000000437f28f64380547b
00000000000000000000000000000000000000000000000043162b854317ab85
00000000000000000000000000000000000000000000000043432b854344ab85
00000000000000000000000000000000000000000000000043702b854371ab85
000000000000000000000000000000000000000000000000438e95c3438f55c3
00000000000000000000000000000000000000000000000043342e144335ae14
00000000000000000000000000000000000000000000000043612e144362ae14
0000000000000000000000000000000000000000000000004387170a4387d70a
000000000000000000000000000000000000000000000000432530a44326b0a4
000000000000000000000000000000000000000000000000435230a44353b0a4
000000000000000000000000000000000000000000000000437f30a443805852
000000000000000000000000000000000000000000000000431633334317b333
000000000000000000000000000000000000000000000000434333334344b333
000000000000000000000000000000000000000000000000437033334371b333
000000000000000000000000000000000000000000000000438e999a438f599a
000000000000000000000000000000000000000000000000433435c34335b5c3
000000000000000000000000000000000000000000000000436135c34362b5c3
00000000000000000000000000000000000000000000000043871ae14387dae1
000000000000000000000000000000000000000000000000432538524326b852
000000000000000000000000000000000000000000000000435238524353b852
000000000000000000000000000000000000000000000000437f385243805c29
00000000000000000000000000000000000000000000000043163ae14317bae1
00000000000000000000000000000000000000000000000043433ae14344bae1
00000000000000000000000000000000000000000000000043703ae14371bae1
000000000000000000000000000000000000000000000000438e9d71438f5d71
00000000000000000000000000000000000000000000000043343d714335bd71
00000000000000000000000000000000000000000000000043613d714362bd71
00000000000000000000000000000000000000000000000043871eb84387deb8
000000000000000000000000000000000000000000000000432540004326c000
000000000000000000000000000000000000000000000000435240004353c000
000000000000000000000000000000000000000000000000437f400043806000
0000000000000000000000000000000000000000000000004316428f4317c28f
0000000000000000000000000000000000000000000000004343428f4344c28f
0000000000000000000000000000000000000000000000004370428f4371c28f
000000000000000000000000000000000000000000000000438ea148438f6148
0000000000000000000000000000000000000000000000004334451f4335c51f
0000000000000000000000000000000000000000000000004361451f4362c51f
0000000000000000000000000000000000000000000000004387228f4387e28f
000000000000000000000000000000000000000000000000432547ae4326c7ae
000000000000000000000000000000000000000000000000435247ae4353c7ae
000000000000000000000000000000000000000000000000437f47ae438063d7
00000000000000000000000000000000000000000000000043164a3d4317ca3d
00000000000000000000000000000000000000000000000043434a3d4344ca3d
00000000000000000000000000000000000000000000000043704a3d4371ca3d
000000000000000000000000000000000000000000000000438ea51f438f651f
00000000000000000000000000000000000000000000000043a5000043a5c000
00000000000000000000000000000000000000000000000043bb800043bc4000
00000000000000000000000000000000000000000000000043d2000043d2c000
000000000000000000000000000000000000000000000000439d8148439e4148
00000000000000000000000000000000000000000000000043b4014843b4c148
00000000000000000000000000000000000000000000000043ca814843cb4148
0000000000000000000000000000000000000000000000004396028f4396c28f
00000000000000000000000000000000000000000000000043ac828f43ad428f
00000000000000000000000000000000000000000000000043c3028f43c3c28f
00000000000000000000000000000000000000000000000043d9828f43da428f
00000000000000000000000000000000000000000000000043a503d743a5c3d7
00000000000000000000000000000000000000000000000043bb83d743bc43d7
00000000000000000000000000000000000000000000000043d203d743d2c3d7
000000000000000000000000000000000000000000000000439d851f439e451f
00000000000000000000000000000000000000000000000043b4051f43b4c51f
00000000000000000000000000000000000000000000000043ca851f43cb451f
000000000000000000000000000000000000000000000000439606664396c666
00000000000000000000000000000000000000000000000043ac866643ad4666
00000000000000000000000000000000000000000000000043c3066643c3c666
00000000000000000000000000000000000000000000000043d9866643da4666
00000000000000000000000000000000000000000000000043a507ae43a5c7ae
00000000000000000000000000000000000000000000000043bb87ae43bc47ae
00000000000000000000000000000000000000000000000043d207ae43d2c7ae
000000000000000000000000000000000000000000000000439d88f6439e48f6
00000000000000000000000000000000000000000000000043b408f643b4c8f6
00000000000000000000000000000000000000000000000043ca88f643cb48f6
00000000000000000000000000000000000000000000000043960a3d4396ca3d
00000000000000000000000000000000000000000000000043ac8a3d43ad4a3d
00000000000000000000000000000000000000000000000043c30a3d43c3ca3d
00000000000000000000000000000000000000000000000043d98a3d43da4a3d
00000000000000000000000000000000000000000000000043a50b8543a5cb85
00000000000000000000000000000000000000000000000043bb8b8543bc4b85
00000000000000000000000000000000000000000000000043d20b8543d2cb85
000000000000000000000000000000000000000000000000439d8ccd439e4ccd
00000000000000000000000000000000000000000000000043b40ccd43b4cccd
00000000000000000000000000000000000000000000000043ca8ccd43cb4ccd
00000000000000000000000000000000000000000000000043960e144396ce14
00000000000000000000000000000000000000000000000043ac8e1443ad4e14
00000000000000000000000000000000000000000000000043c30e1443c3ce14
00000000000000000000000000000000000000000000000043d98e1443da4e14
00000000000000000000000000000000000000000000000043a50f5c43a5cf5c
00000000000000000000000000000000000000000000000043bb8f5c43bc4f5c
00000000000000000000000000000000000000000000000043d20f5c43d2cf5c
000000000000000000000000000000000000000000000000439d90a4439e50a4
00000000000000000000000000000000000000000000000043b410a443b4d0a4
00000000000000000000000000000000000000000000000043ca90a443cb50a4
000000000000000000000000000000000000000000000000439611ec4396d1ec
00000000000000000000000000000000000000000000000043ac91ec43ad51ec
00000000000000000000000000000000000000000000000043c311ec43c3d1ec
00000000000000000000000000000000000000000000000043d991ec43da51ec
00000000000000000000000000000000000000000000000043a5133343a5d333
00000000000000000000000000000000000000000000000043bb933343bc5333
00000000000000000000000000000000000000000000000043d2133343d2d333
000000000000000000000000000000000000000000000000439d947b439e547b
00000000000000000000000000000000000000000000000043b4147b43b4d47b
00000000000000000000000000000000000000000000000043ca947b43cb547b
000000000000000000000000000000000000000000000000439615c34396d5c3
00000000000000000000000000000000000000000000000043ac95c343ad55c3
00000000000000000000000000000000000000000000000043c315c343c3d5c3
00000000000000000000000000000000000000000000000043d995c343da55c3
00000000000000000000000000000000000000000000000043a5170a43a5d70a
00000000000000000000000000000000000000000000000043bb970a43bc570a
00000000000000000000000000000000000000000000000043d2170a43d2d70a
000000000000000000000000000000000000000000000000439d9852439e5852
00000000000000000000000000000000000000000000000043b4185243b4d852
00000000000000000000000000000000000000000000000043ca985243cb5852
0000000000000000000000000000000000000000000000004396199a4396d99a
00000000000000000000000000000000000000000000000043ac999a43ad599a
00000000000000000000000000000000000000000000000043c3199a43c3d99a
00000000000000000000000000000000000000000000000043d9999a43da599a
00000000000000000000000000000000000000000000000043a51ae143a5dae1
00000000000000000000000000000000000000000000000043bb9ae143bc5ae1
00000000000000000000000000000000000000000000000043d21ae143d2dae1
000000000000000000000000000000000000000000000000439d9c29439e5c29
00000000000000000000000000000000000000000000000043b41c2943b4dc29
00000000000000000000000000000000000000000000000043ca9c2943cb5c29
00000000000000000000000000000000000000000000000043961d714396dd71
00000000000000000000000000000000000000000000000043ac9d7143ad5d71
00000000000000000000000000000000000000000000000043c31d7143c3dd71
00000000000000000000000000000000000000000000000043d99d7143da5d71
00000000000000000000000000000000000000000000000043a51eb843a5deb8
00000000000000000000000000000000000000000000000043bb9eb843bc5eb8
00000000000000000000000000000000000000000000000043d21eb843d2deb8
000000000000000000000000000000000000000000000000439da000439e6000
00000000000000000000000000000000000000000000000043b4200043b4e000
00000000000000000000000000000000000000000000000043caa00043cb6000
000000000000000000000000000000000000000000000000439621484396e148
00000000000000000000000000000000000000000000000043aca14843ad6148
00000000000000000000000000000000000000000000000043c3214843c3e148
00000000000000000000000000000000000000000000000043d9a14843da6148
00000000000000000000000000000000000000000000000043a5228f43a5e28f
00000000000000000000000000000000000000000000000043bba28f43bc628f
00000000000000000000000000000000000000000000000043d2228f43d2e28f
000000000000000000000000000000000000000000000000439da3d7439e63d7
00000000000000000000000000000000000000000000000043b423d743b4e3d7
00000000000000000000000000000000000000000000000043caa3d743cb63d7
0000000000000000000000000000000000000000000000004396251f4396e51f
00000000000000000000000000000000000000000000000043aca51f43ad651f
00000000000000000000000000000000000000000000000043c3251f43c3e51f
00000000000000000000000000000000000000000000000043d9a51f43da651f
0000000000000000000000000000000000000000000000003e99999a3fe66666
00000000000000000000000000000000000000000000000042353333423b3333
00000000000000000000000000000000000000000000000042b4999a42b7999a
00000000000000000000000000000000000000000000000043074ccd4308cccd
00000000000000000000000000000000000000000000000041f27ae141fe7ae1
00000000000000000000000000000000000000000000000042969eb842999eb8
00000000000000000000000000000000000000000000000042f09eb842f39eb8
00000000000000000000000000000000000000000000000041751eb841868f5c
000000000000000000000000000000000000000000000000427147ae427747ae
00000000000000000000000000000000000000000000000042d2a3d742d5a3d7
0000000000000000000000000000000000000000000000003ea8f5c33fea3d71
000000000000000000000000000000000000000000000000423551ec423b51ec
00000000000000000000000000000000000000000000000042b4a8f642b7a8f6
0000000000000000000000000000000000000000000000004307547b4308d47b
00000000000000000000000000000000000000000000000041f2b85241feb852
0000000000000000000000000000000000000000000000004296ae144299ae14
00000000000000000000000000000000000000000000000042f0ae1442f3ae14
0000000000000000000000000000000000000000000000004175999a4186cccd
0000000000000000000000000000000000000000000000004271666642776666
00000000000000000000000000000000000000000000000042d2b33342d5b333
0000000000000000000000000000000000000000000000003eb851ec3fee147b
000000000000000000000000000000000000000000000000423570a4423b70a4
00000000000000000000000000000000000000000000000042b4b85242b7b852
00000000000000000000000000000000000000000000000043075c294308dc29
00000000000000000000000000000000000000000000000041f2f5c341fef5c3
0000000000000000000000000000000000000000000000004296bd714299bd71
00000000000000000000000000000000000000000000000042f0bd7142f3bd71
0000000000000000000000000000000000000000000000004176147b41870a3d
0000000000000000000000000000000000000000000000004271851f4277851f
00000000000000000000000000000000000000000000000042d2c28f42d5c28f
0000000000000000000000000000000000000000000000003ec7ae143ff1eb85
00000000000000000000000000000000000000000000000042358f5c423b8f5c
00000000000000000000000000000000000000000000000042b4c7ae42b7c7ae
000000000000000000000000000000000000000000000000430763d74308e3d7
00000000000000000000000000000000000000000000000041f3333341ff3333
0000000000000000000000000000000000000000000000004296cccd4299cccd
00000000000000000000000000000000000000000000000042f0cccd42f3cccd
00000000000000000000000000000000000000000000000041768f5c418747ae
0000000000000000000000000000000000000000000000004271a3d74277a3d7
00000000000000000000000000000000000000000000000042d2d1ec42d5d1ec
0000000000000000000000000000000000000000000000003ed70a3d3ff5c28f
0000000000000000000000000000000000000000000000004235ae14423bae14
00000000000000000000000000000000000000000000000042b4d70a42b7d70a
00000000000000000000000000000000000000000000000043076b854308eb85
00000000000000000000000000000000000000000000000041f370a441ff70a4
0000000000000000000000000000000000000000000000004296dc294299dc29
00000000000000000000000000000000000000000000000042f0dc2942f3dc29
00000000000000000000000000000000000000000000000041770a3d4187851f
0000000000000000000000000000000000000000000000004271c28f4277c28f
00000000000000000000000000000000000000000000000042d2e14842d5e148
0000000000000000000000000000000000000000000000003ee666663ff9999a
0000000000000000000000000000000000000000000000004235cccd423bcccd
00000000000000000000000000000000000000000000000042b4e66642b7e666
000000000000000000000000000000000000000000000000430773334308f333
00000000000000000000000000000000000000000000000041f3ae1441ffae14
0000000000000000000000000000000000000000000000004296eb854299eb85
00000000000000000000000000000000000000000000000042f0eb8542f3eb85
0000000000000000000000000000000000000000000000004177851f4187c28f
0000000000000000000000000000000000000000000000004271e1484277e148
00000000000000000000000000000000000000000000000042d2f0a442d5f0a4
0000000000000000000000000000000000000000000000003ef5c28f3ffd70a4
0000000000000000000000000000000000000000000000004235eb85423beb85
00000000000000000000000000000000000000000000000042b4f5c342b7f5c3
00000000000000000000000000000000000000000000000043077ae14308fae1
00000000000000000000000000000000000000000000000041f3eb8541ffeb85
0000000000000000000000000000000000000000000000004296fae14299fae1
00000000000000000000000000000000000000000000000042f0fae142f3fae1
0000000000000000000000000000000000000000000000004178000041880000
0000000000000000000000000000000000000000000000004272000042780000
00000000000000000000000000000000000000000000000042d3000042d60000
0000000000000000000000000000000000000000000000003f028f5c4000a3d7
00000000000000000000000000000000000000000000000042360a3d423c0a3d
00000000000000000000000000000000000000000000000042b5051f42b8051f
0000000000000000000000000000000000000000000000004307828f4309028f
00000000000000000000000000000000000000000000000041f428f64200147b
00000000000000000000000000000000000000000000000042970a3d429a0a3d
00000000000000000000000000000000000000000000000042f10a3d42f40a3d
00000000000000000000000000000000000000000000000041787ae141883d71
00000000000000000000000000000000000000000000000042721eb842781eb8
00000000000000000000000000000000000000000000000042d30f5c42d60f5c
0000000000000000000000000000000000000000000000003f0a3d7140028f5c
000000000000000000000000000000000000000000000000423628f6423c28f6
00000000000000000000000000000000000000000000000042b5147b42b8147b
00000000000000000000000000000000000000000000000043078a3d43090a3d
00000000000000000000000000000000000000000000000041f4666642003333
0000000000000000000000000000000000000000000000004297199a429a199a
00000000000000000000000000000000000000000000000042f1199a42f4199a
0000000000000000000000000000000000000000000000004178f5c341887ae1
00000000000000000000000000000000000000000000000042723d7142783d71
00000000000000000000000000000000000000000000000042d31eb842d61eb8
0000000000000000000000000000000000000000000000003f11eb8540047ae1
000000000000000000000000000000000000000000000000423647ae423c47ae
00000000000000000000000000000000000000000000000042b523d742b823d7
000000000000000000000000000000000000000000000000430791ec430911ec
00000000000000000000000000000000000000000000000041f4a3d7420051ec
000000000000000000000000000000000000000000000000429728f6429a28f6
00000000000000000000000000000000000000000000000042f128f642f428f6
000000000000000000000000000000000000000000000000417970a44188b852
00000000000000000000000000000000000000000000000042725c2942785c29
00000000000000000000000000000000000000000000000042d32e1442d62e14
00000000000000000000000000000000000000000000000043164ccd4317cccd
00000000000000000000000000000000000000000000000043434ccd4344cccd
00000000000000000000000000000000000000000000000043704ccd4371cccd
000000000000000000000000000000000000000000000000438ea666438f6666
00000000000000000000000000000000000000000000000043344f5c4335cf5c
00000000000000000000000000000000000000000000000043614f5c4362cf5c
000000000000000000000000000000000000000000000000438727ae4387e7ae
000000000000000000000000000000000000000000000000432551ec4326d1ec
000000000000000000000000000000000000000000000000435251ec4353d1ec
000000000000000000000000000000000000000000000000437f51ec438068f6
0000000000000000000000000000000000000000000000004316547b4317d47b
0000000000000000000000000000000000000000000000004343547b4344d47b
0000000000000000000000000000000000000000000000004370547b4371d47b
000000000000000000000000000000000000000000000000438eaa3d438f6a3d
0000000000000000000000000000000000000000000000004334570a4335d70a
0000000000000000000000000000000000000000000000004361570a4362d70a
00000000000000000000000000000000000000000000000043872b854387eb85
0000000000000000000000000000000000000000000000004325599a4326d99a
0000000000000000000000000000000000000000000000004352599a4353d99a
000000000000000000000000000000000000000000000000437f599a43806ccd
00000000000000000000000000000000000000000000000043165c294317dc29
00000000000000000000000000000000000000000000000043435c294344dc29
00000000000000000000000000000000000000000000000043705c294371dc29
000000000000000000000000000000000000000000000000438eae14438f6e14
00000000000000000000000000000000000000000000000043345eb84335deb8
00000000000000000000000000000000000000000000000043615eb84362deb8
00000000000000000000000000000000000000000000000043872f5c4387ef5c
000000000000000000000000000000000000000000000000432561484326e148
000000000000000000000000000000000000000000000000435261484353e148
000000000000000000000000000000000000000000000000437f6148438070a4
000000000000000000000000000000000000000000000000431663d74317e3d7
000000000000000000000000000000000000000000000000434363d74344e3d7
000000000000000000000000000000000000000000000000437063d74371e3d7
000000000000000000000000000000000000000000000000438eb1ec438f71ec
000000000000000000000000000000000000000000000000433466664335e666
000000000000000000000000000000000000000000000000436166664362e666
000000000000000000000000000000000000000000000000438733334387f333
000000000000000000000000000000000000000000000000432568f64326e8f6
000000000000000000000000000000000000000000000000435268f64353e8f6
000000000000000000000000000000000000000000000000437f68f64380747b
00000000000000000000000000000000000000000000000043166b854317eb85
00000000000000000000000000000000000000000000000043436b854344eb85
00000000000000000000000000000000000000000000000043706b854371eb85
000000000000000000000000000000000000000000000000438eb5c3438f75c3
00000000000000000000000000000000000000000000000043346e144335ee14
00000000000000000000000000000000000000000000000043616e144362ee14
0000000000000000000000000000000000000000000000004387370a4387f70a
000000000000000000000000000000000000000000000000432570a44326f0a4
000000000000000000000000000000000000000000000000435270a44353f0a4
000000000000000000000000000000000000000000000000437f70a443807852
000000000000000000000000000000000000000000000000431673334317f333
000000000000000000000000000000000000000000000000434373334344f333
000000000000000000000000000000000000000000000000437073334371f333
000000000000000000000000000000000000000000000000438eb99a438f799a
000000000000000000000000000000000000000000000000433475c34335f5c3
000000000000000000000000000000000000000000000000436175c34362f5c3
00000000000000000000000000000000000000000000000043873ae14387fae1
000000000000000000000000000000000000000000000000432578524326f852
000000000000000000000000000000000000000000000000435278524353f852
000000000000000000000000000000000000000000000000437f785243807c29
00000000000000000000000000000000000000000000000043167ae14317fae1
00000000000000000000000000000000000000000000000043437ae14344fae1
00000000000000000000000000000000000000000000000043707ae14371fae1
000000000000000000000000000000000000000000000000438ebd71438f7d71
00000000000000000000000000000000000000000000000043347d714335fd71
00000000000000000000000000000000000000000000000043617d714362fd71
00000000000000000000000000000000000000000000000043873eb84387feb8
0000000000000000000000000000000000000000000000004325800043270000
0000000000000000000000000000000000000000000000004352800043540000
000000000000000000000000000000000000000000000000437f800043808000
0000000000000000000000000000000000000000000000004316828f4318028f
0000000000000000000000000000000000000000000000004343828f4345028f
0000000000000000000000000000000000000000000000004370828f4372028f
000000000000000000000000000000000000000000000000438ec148438f8148
0000000000000000000000000000000000000000000000004334851f4336051f
0000000000000000000000000000000000000000000000004361851f4363051f
0000000000000000000000000000000000000000000000004387428f4388028f
000000000000000000000000000000000000000000000000432587ae432707ae
000000000000000000000000000000000000000000000000435287ae435407ae
000000000000000000000000000000000000000000000000437f87ae438083d7
00000000000000000000000000000000000000000000000043168a3d43180a3d
00000000000000000000000000000000000000000000000043438a3d43450a3d
00000000000000000000000000000000000000000000000043708a3d43720a3d
000000000000000000000000000000000000000000000000438ec51f438f851f
00000000000000000000000000000000000000000000000043348ccd43360ccd
00000000000000000000000000000000000000000000000043618ccd43630ccd
0000000000000000000000000000000000000000000000004387466643880666
00000000000000000000000000000000000000000000000043258f5c43270f5c
00000000000000000000000000000000000000000000000043528f5c43540f5c
000000000000000000000000000000000000000000000000437f8f5c438087ae
000000000000000000000000000000000000000000000000431691ec431811ec
000000000000000000000000000000000000000000000000434391ec434511ec
000000000000000000000000000000000000000000000000437091ec437211ec
000000000000000000000000000000000000000000000000438ec8f6438f88f6
0000000000000000000000000000000000000000000000004334947b4336147b
0000000000000000000000000000000000000000000000004361947b4363147b
00000000000000000000000000000000000000000000000043874a3d43880a3d
0000000000000000000000000000000000000000000000004325970a4327170a
0000000000000000000000000000000000000000000000004352970a4354170a
000000000000000000000000000000000000000000000000437f970a43808b85
000000000000000000000000000000000000000000000000439626664396e666
00000000000000000000000000000000000000000000000043aca66643ad6666
00000000000000000000000000000000000000000000000043c3266643c3e666
00000000000000000000000000000000000000000000000043d9a66643da6666
00000000000000000000000000000000000000000000000043a527ae43a5e7ae
00000000000000000000000000000000000000000000000043bba7ae43bc67ae
00000000000000000000000000000000000000000000000043d227ae43d2e7ae
000000000000000000000000000000000000000000000000439da8f6439e68f6
00000000000000000000000000000000000000000000000043b428f643b4e8f6
00000000000000000000000000000000000000000000000043caa8f643cb68f6
00000000000000000000000000000000000000000000000043962a3d4396ea3d
00000000000000000000000000000000000000000000000043acaa3d43ad6a3d
00000000000000000000000000000000000000000000000043c32a3d43c3ea3d
00000000000000000000000000000000000000000000000043d9aa3d43da6a3d
00000000000000000000000000000000000000000000000043a52b8543a5eb85
00000000000000000000000000000000000000000000000043bbab8543bc6b85
00000000000000000000000000000000000000000000000043d22b8543d2eb85
000000000000000000000000000000000000000000000000439daccd439e6ccd
00000000000000000000000000000000000000000000000043b42ccd43b4eccd
00000000000000000000000000000000000000000000000043caaccd43cb6ccd
00000000000000000000000000000000000000000000000043962e144396ee14
00000000000000000000000000000000000000000000000043acae1443ad6e14
00000000000000000000000000000000000000000000000043c32e1443c3ee14
00000000000000000000000000000000000000000000000043d9ae1443da6e14
00000000000000000000000000000000000000000000000043a52f5c43a5ef5c
00000000000000000000000000000000000000000000000043bbaf5c43bc6f5c
00000000000000000000000000000000000000000000000043d22f5c43d2ef5c
000000000000000000000000000000000000000000000000439db0a4439e70a4
00000000000000000000000000000000000000000000000043b430a443b4f0a4
00000000000000000000000000000000000000000000000043cab0a443cb70a4
000000000000000000000000000000000000000000000000439631ec4396f1ec
00000000000000000000000000000000000000000000000043acb1ec43ad71ec
00000000000000000000000000000000000000000000000043c331ec43c3f1ec
00000000000000000000000000000000000000000000000043d9b1ec43da71ec
00000000000000000000000000000000000000000000000043a5333343a5f333
00000000000000000000000000000000000000000000000043bbb33343bc7333
00000000000000000000000000000000000000000000000043d2333343d2f333
000000000000000000000000000000000000000000000000439db47b439e747b
00000000000000000000000000000000000000000000000043b4347b43b4f47b
00000000000000000000000000000000000000000000000043cab47b43cb747b
000000000000000000000000000000000000000000000000439635c34396f5c3
00000000000000000000000000000000000000000000000043acb5c343ad75c3
00000000000000000000000000000000000000000000000043c335c343c3f5c3
00000000000000000000000000000000000000000000000043d9b5c343da75c3
00000000000000000000000000000000000000000000000043a5370a43a5f70a
00000000000000000000000000000000000000000000000043bbb70a43bc770a
00000000000000000000000000000000000000000000000043d2370a43d2f70a
000000000000000000000000000000000000000000000000439db852439e7852
00000000000000000000000000000000000000000000000043b4385243b4f852
00000000000000000000000000000000000000000000000043cab85243cb7852
0000000000000000000000000000000000000000000000004396399a4396f99a
00000000000000000000000000000000000000000000000043acb99a43ad799a
00000000000000000000000000000000000000000000000043c3399a43c3f99a
00000000000000000000000000000000000000000000000043d9b99a43da799a
00000000000000000000000000000000000000000000000043a53ae143a5fae1
00000000000000000000000000000000000000000000000043bbbae143bc7ae1
00000000000000000000000000000000000000000000000043d23ae143d2fae1
000000000000000000000000000000000000000000000000439dbc29439e7c29
00000000000000000000000000000000000000000000000043b43c2943b4fc29
00000000000000000000000000000000000000000000000043cabc2943cb7c29
00000000000000000000000000000000000000000000000043963d714396fd71
00000000000000000000000000000000000000000000000043acbd7143ad7d71
00000000000000000000000000000000000000000000000043c33d7143c3fd71
00000000000000000000000000000000000000000000000043d9bd7143da7d71
00000000000000000000000000000000000000000000000043a53eb843a5feb8
00000000000000000000000000000000000000000000000043bbbeb843bc7eb8
00000000000000000000000000000000000000000000000043d23eb843d2feb8
000000000000000000000000000000000000000000000000439dc000439e8000
00000000000000000000000000000000000000000000000043b4400043b50000
00000000000000000000000000000000000000000000000043cac00043cb8000
0000000000000000000000000000000000000000000000004396414843970148
00000000000000000000000000000000000000000000000043acc14843ad8148
00000000000000000000000000000000000000000000000043c3414843c40148
00000000000000000000000000000000000000000000000043d9c14843da8148
00000000000000000000000000000000000000000000000043a5428f43a6028f
00000000000000000000000000000000000000000000000043bbc28f43bc828f
00000000000000000000000000000000000000000000000043d2428f43d3028f
000000000000000000000000000000000000000000000000439dc3d7439e83d7
00000000000000000000000000000000000000000000000043b443d743b503d7
00000000000000000000000000000000000000000000000043cac3d743cb83d7
0000000000000000000000000000000000000000000000004396451f4397051f
00000000000000000000000000000000000000000000000043acc51f43ad851f
00000000000000000000000000000000000000000000000043c3451f43c4051f
00000000000000000000000000000000000000000000000043d9c51f43da851f
00000000000000000000000000000000000000000000000043a5466643a60666
00000000000000000000000000000000000000000000000043bbc66643bc8666
00000000000000000000000000000000000000000000000043d2466643d30666
000000000000000000000000000000000000000000000000439dc7ae439e87ae
00000000000000000000000000000000000000000000000043b447ae43b507ae
00000000000000000000000000000000000000000000000043cac7ae43cb87ae
000000000000000000000000000000000000000000000000439648f6439708f6
00000000000000000000000000000000000000000000000043acc8f643ad88f6
00000000000000000000000000000000000000000000000043c348f643c408f6
00000000000000000000000000000000000000000000000043d9c8f643da88f6
00000000000000000000000000000000000000000000000043a54a3d43a60a3d
00000000000000000000000000000000000000000000000043bbca3d43bc8a3d
00000000000000000000000000000000000000000000000043d24a3d43d30a3d
000000000000000000000000000000000000000000000000439dcb85439e8b85
00000000000000000000000000000000000000000000000043b44b8543b50b85
00000000000000000000000000000000000000000000000043cacb8543cb8b85
0000000000000000000000000000000000000000000000004174cccd41866666
0000000000000000000000000000000000000000000000004271333342773333
00000000000000000000000000000000000000000000000042d2999a42d5999a
0000000000000000000000000000000000000000000000003e9eb8523fe7ae14
00000000000000000000000000000000000000000000000042353d71423b3d71
00000000000000000000000000000000000000000000000042b49eb842b79eb8
00000000000000000000000000000000000000000000000043074f5c4308cf5c
00000000000000000000000000000000000000000000000041f28f5c41fe8f5c
0000000000000000000000000000000000000000000000004296a3d74299a3d7
00000000000000000000000000000000000000000000000042f0a3d742f3a3d7
000000000000000000000000000000000000000000000000417547ae4186a3d7
000000000000000000000000000000000000000000000000427151ec427751ec
00000000000000000000000000000000000000000000000042d2a8f642d5a8f6
0000000000000000000000000000000000000000000000003eae147b3feb851f
00000000000000000000000000000000000000000000000042355c29423b5c29
00000000000000000000000000000000000000000000000042b4ae1442b7ae14
0000000000000000000000000000000000000000000000004307570a4308d70a
00000000000000000000000000000000000000000000000041f2cccd41fecccd
0000000000000000000000000000000000000000000000004296b3334299b333
00000000000000000000000000000000000000000000000042f0b33342f3b333
0000000000000000000000000000000000000000000000004175c28f4186e148
000000000000000000000000000000000000000000000000427170a4427770a4
00000000000000000000000000000000000000000000000042d2b85242d5b852
0000000000000000000000000000000000000000000000003ebd70a43fef5c29
00000000000000000000000000000000000000000000000042357ae1423b7ae1
00000000000000000000000000000000000000000000000042b4bd7142b7bd71
00000000000000000000000000000000000000000000000043075eb84308deb8
00000000000000000000000000000000000000000000000041f30a3d41ff0a3d
0000000000000000000000000000000000000000000000004296c28f4299c28f
00000000000000000000000000000000000000000000000042f0c28f42f3c28f
00000000000000000000000000000000000000000000000041763d7141871eb8
00000000000000000000000000000000000000000000000042718f5c42778f5c
00000000000000000000000000000000000000000000000042d2c7ae42d5c7ae
0000000000000000000000000000000000000000000000003ecccccd3ff33333
0000000000000000000000000000000000000000000000004235999a423b999a
00000000000000000000000000000000000000000000000042b4cccd42b7cccd
000000000000000000000000000000000000000000000000430766664308e666
00000000000000000000000000000000000000000000000041f347ae41ff47ae
0000000000000000000000000000000000000000000000004296d1ec4299d1ec
00000000000000000000000000000000000000000000000042f0d1ec42f3d1ec
0000000000000000000000000000000000000000000000004176b85241875c29
0000000000000000000000000000000000000000000000004271ae144277ae14
00000000000000000000000000000000000000000000000042d2d70a42d5d70a
0000000000000000000000000000000000000000000000003edc28f63ff70a3d
0000000000000000000000000000000000000000000000004235b852423bb852
00000000000000000000000000000000000000000000000042b4dc2942b7dc29
00000000000000000000000000000000000000000000000043076e144308ee14
00000000000000000000000000000000000000000000000041f3851f41ff851f
0000000000000000000000000000000000000000000000004296e1484299e148
00000000000000000000000000000000000000000000000042f0e14842f3e148
000000000000000000000000000000000000000000000000417733334187999a
0000000000000000000000000000000000000000000000004271cccd4277cccd
00000000000000000000000000000000000000000000000042d2e66642d5e666
0000000000000000000000000000000000000000000000003eeb851f3ffae148
0000000000000000000000000000000000000000000000004235d70a423bd70a
00000000000000000000000000000000000000000000000042b4eb8542b7eb85
000000000000000000000000000000000000000000000000430775c34308f5c3
00000000000000000000000000000000000000000000000041f3c28f41ffc28f
0000000000000000000000000000000000000000000000004296f0a44299f0a4
00000000000000000000000000000000000000000000000042f0f0a442f3f0a4
0000000000000000000000000000000000000000000000004177ae144187d70a
0000000000000000000000000000000000000000000000004271eb854277eb85
00000000000000000000000000000000000000000000000042d2f5c342d5f5c3
0000000000000000000000000000000000000000000000003efae1483ffeb852
0000000000000000000000000000000000000000000000004235f5c3423bf5c3
00000000000000000000000000000000000000000000000042b4fae142b7fae1
00000000000000000000000000000000000000000000000043077d714308fd71
00000000000000000000000000000000000000000000000041f4000042000000
00000000000000000000000000000000000000000000000042970000429a0000
00000000000000000000000000000000000000000000000042f1000042f40000
000000000000000000000000000000000000000000000000417828f64188147b
00000000000000000000000000000000000000000000000042720a3d42780a3d
00000000000000000000000000000000000000000000000042d3051f42d6051f
0000000000000000000000000000000000000000000000003f051eb8400147ae
0000000000000000000000000000000000000000000000004236147b423c147b
00000000000000000000000000000000000000000000000042b50a3d42b80a3d
0000000000000000000000000000000000000000000000004307851f4309051f
00000000000000000000000000000000000000000000000041f43d7142001eb8
00000000000000000000000000000000000000000000000042970f5c429a0f5c
00000000000000000000000000000000000000000000000042f10f5c42f40f5c
0000000000000000000000000000000000000000000000004178a3d7418851ec
000000000000000000000000000000000000000000000000427228f6427828f6
00000000000000000000000000000000000000000000000042d3147b42d6147b
0000000000000000000000000000000000000000000000003f0ccccd40033333
00000000000000000000000000000000000000000000000042363333423c3333
00000000000000000000000000000000000000000000000042b5199a42b8199a
00000000000000000000000000000000000000000000000043078ccd43090ccd
00000000000000000000000000000000000000000000000041f47ae142003d71
00000000000000000000000000000000000000000000000042971eb8429a1eb8
00000000000000000000000000000000000000000000000042f11eb842f41eb8
00000000000000000000000000000000000000000000000041791eb841888f5c
000000000000000000000000000000000000000000000000427247ae427847ae
00000000000000000000000000000000000000000000000042d323d742d623d7
0000000000000000000000000000000000000000000000003f147ae140051eb8
000000000000000000000000000000000000000000000000423651ec423c51ec
00000000000000000000000000000000000000000000000042b528f642b828f6
0000000000000000000000000000000000000000000000004307947b4309147b
00000000000000000000000000000000000000000000000041f4b85242005c29
00000000000000000000000000000000000000000000000042972e14429a2e14
00000000000000000000000000000000000000000000000042f12e1442f42e14
00000000000000000000000000000000000000000000000043254ccd4326cccd
00000000000000000000000000000000000000000000000043524ccd4353cccd
000000000000000000000000000000000000000000000000437f4ccd43806666
00000000000000000000000000000000000000000000000043164f5c4317cf5c
00000000000000000000000000000000000000000000000043434f5c4344cf5c
00000000000000000000000000000000000000000000000043704f5c4371cf5c
000000000000000000000000000000000000000000000000438ea7ae438f67ae
000000000000000000000000000000000000000000000000433451ec4335d1ec
000000000000000000000000000000000000000000000000436151ec4362d1ec
000000000000000000000000000000000000000000000000438728f64387e8f6
0000000000000000000000000000000000000000000000004325547b4326d47b
0000000000000000000000000000000000000000000000004352547b4353d47b
000000000000000000000000000000000000000000000000437f547b43806a3d
0000000000000000000000000000000000000000000000004316570a4317d70a
0000000000000000000000000000000000000000000000004343570a4344d70a
0000000000000000000000000000000000000000000000004370570a4371d70a
000000000000000000000000000000000000000000000000438eab85438f6b85
0000000000000000000000000000000000000000000000004334599a4335d99a
0000000000000000000000000000000000000000000000004361599a4362d99a
00000000000000000000000000000000000000000000000043872ccd4387eccd
00000000000000000000000000000000000000000000000043255c294326dc29
00000000000000000000000000000000000000000000000043525c294353dc29
000000000000000000000000000000000000000000000000437f5c2943806e14
00000000000000000000000000000000000000000000000043165eb84317deb8
00000000000000000000000000000000000000000000000043435eb84344deb8
00000000000000000000000000000000000000000000000043705eb84371deb8
000000000000000000000000000000000000000000000000438eaf5c438f6f5c
000000000000000000000000000000000000000000000000433461484335e148
000000000000000000000000000000000000000000000000436161484362e148
000000000000000000000000000000000000000000000000438730a44387f0a4
000000000000000000000000000000000000000000000000432563d74326e3d7
000000000000000000000000000000000000000000000000435263d74353e3d7
000000000000000000000000000000000000000000000000437f63d7438071ec
000000000000000000000000000000000000000000000000431666664317e666
000000000000000000000000000000000000000000000000434366664344e666
000000000000000000000000000000000000000000000000437066664371e666
000000000000000000000000000000000000000000000000438eb333438f7333
000000000000000000000000000000000000000000000000433468f64335e8f6
000000000000000000000000000000000000000000000000436168f64362e8f6
0000000000000000000000000000000000000000000000004387347b4387f47b
00000000000000000000000000000000000000000000000043256b854326eb85
00000000000000000000000000000000000000000000000043526b854353eb85
000000000000000000000000000000000000000000000000437f6b85438075c3
00000000000000000000000000000000000000000000000043166e144317ee14
00000000000000000000000000000000000000000000000043436e144344ee14
00000000000000000000000000000000000000000000000043706e144371ee14
000000000000000000000000000000000000000000000000438eb70a438f770a
000000000000000000000000000000000000000000000000433470a44335f0a4
000000000000000000000000000000000000000000000000436170a44362f0a4
000000000000000000000000000000000000000000000000438738524387f852
000000000000000000000000000000000000000000000000432573334326f333
000000000000000000000000000000000000000000000000435273334353f333
000000000000000000000000000000000000000000000000437f73334380799a
000000000000000000000000000000000000000000000000431675c34317f5c3
000000000000000000000000000000000000000000000000434375c34344f5c3
000000000000000000000000000000000000000000000000437075c34371f5c3
000000000000000000000000000000000000000000000000438ebae1438f7ae1
000000000000000000000000000000000000000000000000433478524335f852
000000000000000000000000000000000000000000000000436178524362f852
00000000000000000000000000000000000000000000000043873c294387fc29
00000000000000000000000000000000000000000000000043257ae14326fae1
00000000000000000000000000000000000000000000000043527ae14353fae1
000000000000000000000000000000000000000000000000437f7ae143807d71
00000000000000000000000000000000000000000000000043167d714317fd71
00000000000000000000000000000000000000000000000043437d714344fd71
00000000000000000000000000000000000000000000000043707d714371fd71
000000000000000000000000000000000000000000000000438ebeb8438f7eb8
0000000000000000000000000000000000000000000000004334800043360000
0000000000000000000000000000000000000000000000004361800043630000
0000000000000000000000000000000000000000000000004387400043880000
0000000000000000000000000000000000000000000000004325828f4327028f
0000000000000000000000000000000000000000000000004352828f4354028f
000000000000000000000000000000000000000000000000437f828f43808148
0000000000000000000000000000000000000000000000004316851f4318051f
0000000000000000000000000000000000000000000000004343851f4345051f
0000000000000000000000000000000000000000000000004370851f4372051f
000000000000000000000000000000000000000000000000438ec28f438f828f
000000000000000000000000000000000000000000000000433487ae433607ae
000000000000000000000000000000000000000000000000436187ae436307ae
000000000000000000000000000000000000000000000000438743d7438803d7
00000000000000000000000000000000000000000000000043258a3d43270a3d
00000000000000000000000000000000000000000000000043528a3d43540a3d
000000000000000000000000000000000000000000000000437f8a3d4380851f
00000000000000000000000000000000000000000000000043168ccd43180ccd
00000000000000000000000000000000000000000000000043438ccd43450ccd
00000000000000000000000000000000000000000000000043708ccd43720ccd
000000000000000000000000000000000000000000000000438ec666438f8666
00000000000000000000000000000000000000000000000043348f5c43360f5c
00000000000000000000000000000000000000000000000043618f5c43630f5c
000000000000000000000000000000000000000000000000438747ae438807ae
000000000000000000000000000000000000000000000000432591ec432711ec
000000000000000000000000000000000000000000000000435291ec435411ec
000000000000000000000000000000000000000000000000437f91ec438088f6
0000000000000000000000000000000000000000000000004316947b4318147b
0000000000000000000000000000000000000000000000004343947b4345147b
0000000000000000000000000000000000000000000000004370947b4372147b
000000000000000000000000000000000000000000000000438eca3d438f8a3d
0000000000000000000000000000000000000000000000004334970a4336170a
0000000000000000000000000000000000000000000000004361970a4363170a
00000000000000000000000000000000000000000000000043874b8543880b85
000000000000000000000000000000000000000000000000439da666439e6666
00000000000000000000000000000000000000000000000043b4266643b4e666
00000000000000000000000000000000000000000000000043caa66643cb6666
000000000000000000000000000000000000000000000000439627ae4396e7ae
00000000000000000000000000000000000000000000000043aca7ae43ad67ae
00000000000000000000000000000000000000000000000043c327ae43c3e7ae
00000000000000000000000000000000000000000000000043d9a7ae43da67ae
00000000000000000000000000000000000000000000000043a528f643a5e8f6
00000000000000000000000000000000000000000000000043bba8f643bc68f6
00000000000000000000000000000000000000000000000043d228f643d2e8f6
000000000000000000000000000000000000000000000000439daa3d439e6a3d
00000000000000000000000000000000000000000000000043b42a3d43b4ea3d
00000000000000000000000000000000000000000000000043caaa3d43cb6a3d
00000000000000000000000000000000000000000000000043962b854396eb85
00000000000000000000000000000000000000000000000043acab8543ad6b85
00000000000000000000000000000000000000000000000043c32b8543c3eb85
00000000000000000000000000000000000000000000000043d9ab8543da6b85
00000000000000000000000000000000000000000000000043a52ccd43a5eccd
00000000000000000000000000000000000000000000000043bbaccd43bc6ccd
00000000000000000000000000000000000000000000000043d22ccd43d2eccd
000000000000000000000000000000000000000000000000439dae14439e6e14
00000000000000000000000000000000000000000000000043b42e1443b4ee14
00000000000000000000000000000000000000000000000043caae1443cb6e14
00000000000000000000000000000000000000000000000043962f5c4396ef5c
00000000000000000000000000000000000000000000000043acaf5c43ad6f5c
00000000000000000000000000000000000000000000000043c32f5c43c3ef5c
00000000000000000000000000000000000000000000000043d9af5c43da6f5c
00000000000000000000000000000000000000000000000043a530a443a5f0a4
00000000000000000000000000000000000000000000000043bbb0a443bc70a4
00000000000000000000000000000000000000000000000043d230a443d2f0a4
000000000000000000000000000000000000000000000000439db1ec439e71ec
00000000000000000000000000000000000000000000000043b431ec43b4f1ec
00000000000000000000000000000000000000000000000043cab1ec43cb71ec
000000000000000000000000000000000000000000000000439633334396f333
00000000000000000000000000000000000000000000000043acb33343ad7333
00000000000000000000000000000000000000000000000043c3333343c3f333
00000000000000000000000000000000000000000000000043d9b33343da7333
00000000000000000000000000000000000000000000000043a5347b43a5f47b
00000000000000000000000000000000000000000000000043bbb47b43bc747b
00000000000000000000000000000000000000000000000043d2347b43d2f47b
000000000000000000000000000000000000000000000000439db5c3439e75c3
00000000000000000000000000000000000000000000000043b435c343b4f5c3
00000000000000000000000000000000000000000000000043cab5c343cb75c3
0000000000000000000000000000000000000000000000004396370a4396f70a
00000000000000000000000000000000000000000000000043acb70a43ad770a
00000000000000000000000000000000000000000000000043c3370a43c3f70a
00000000000000000000000000000000000000000000000043d9b70a43da770a
00000000000000000000000000000000000000000000000043a5385243a5f852
00000000000000000000000000000000000000000000000043bbb85243bc7852
00000000000000000000000000000000000000000000000043d2385243d2f852
000000000000000000000000000000000000000000000000439db99a439e799a
00000000000000000000000000000000000000000000000043b4399a43b4f99a
00000000000000000000000000000000000000000000000043cab99a43cb799a
00000000000000000000000000000000000000000000000043963ae14396fae1
00000000000000000000000000000000000000000000000043acbae143ad7ae1
00000000000000000000000000000000000000000000000043c33ae143c3fae1
00000000000000000000000000000000000000000000000043d9bae143da7ae1
00000000000000000000000000000000000000000000000043a53c2943a5fc29
00000000000000000000000000000000000000000000000043bbbc2943bc7c29
00000000000000000000000000000000000000000000000043d23c2943d2fc29
000000000000000000000000000000000000000000000000439dbd71439e7d71
00000000000000000000000000000000000000000000000043b43d7143b4fd71
00000000000000000000000000000000000000000000000043cabd7143cb7d71
00000000000000000000000000000000000000000000000043963eb84396feb8
00000000000000000000000000000000000000000000000043acbeb843ad7eb8
00000000000000000000000000000000000000000000000043c33eb843c3feb8
00000000000000000000000000000000000000000000000043d9beb843da7eb8
00000000000000000000000000000000000000000000000043a5400043a60000
00000000000000000000000000000000000000000000000043bbc00043bc8000
00000000000000000000000000000000000000000000000043d2400043d30000
000000000000000000000000000000000000000000000000439dc148439e8148
00000000000000000000000000000000000000000000000043b4414843b50148
00000000000000000000000000000000000000000000000043cac14843cb8148
0000000000000000000000000000000000000000000000004396428f4397028f
00000000000000000000000000000000000000000000000043acc28f43ad828f
00000000000000000000000000000000000000000000000043c3428f43c4028f
00000000000000000000000000000000000000000000000043d9c28f43da828f
00000000000000000000000000000000000000000000000043a543d743a603d7
00000000000000000000000000000000000000000000000043bbc3d743bc83d7
00000000000000000000000000000000000000000000000043d243d743d303d7
000000000000000000000000000000000000000000000000439dc51f439e851f
00000000000000000000000000000000000000000000000043b4451f43b5051f
00000000000000000000000000000000000000000000000043cac51f43cb851f
0000000000000000000000000000000000000000000000004396466643970666
00000000000000000000000000000000000000000000000043acc66643ad8666
00000000000000000000000000000000000000000000000043c3466643c40666
00000000000000000000000000000000000000000000000043d9c66643da8666
00000000000000000000000000000000000000000000000043a547ae43a607ae
00000000000000000000000000000000000000000000000043bbc7ae43bc87ae
00000000000000000000000000000000000000000000000043d247ae43d307ae
000000000000000000000000000000000000000000000000439dc8f6439e88f6
00000000000000000000000000000000000000000000000043b448f643b508f6
00000000000000000000000000000000000000000000000043cac8f643cb88f6
00000000000000000000000000000000000000000000000043964a3d43970a3d
00000000000000000000000000000000000000000000000043acca3d43ad8a3d
00000000000000000000000000000000000000000000000043c34a3d43c40a3d
00000000000000000000000000000000000000000000000043d9ca3d43da8a3d
00000000000000000000000000000000000000000000000043a54b8543a60b85
00000000000000000000000000000000000000000000000043bbcb8543bc8b85
00000000000000000000000000000000000000000000000043d24b8543d30b85
00000000000000000000000000000000000000000000000041f2666641fe6666
0000000000000000000000000000000000000000000000004296999a4299999a
00000000000000000000000000000000000000000000000042f0999a42f3999a
0000000000000000000000000000000000000000000000004174f5c341867ae1
00000000000000000000000000000000000000000000000042713d7142773d71
00000000000000000000000000000000000000000000000042d29eb842d59eb8
0000000000000000000000000000000000000000000000003ea3d70a3fe8f5c3
000000000000000000000000000000000000000000000000423547ae423b47ae
00000000000000000000000000000000000000000000000042b4a3d742b7a3d7
000000000000000000000000000000000000000000000000430751ec4308d1ec
00000000000000000000000000000000000000000000000041f2a3d741fea3d7
0000000000000000000000000000000000000000000000004296a8f64299a8f6
00000000000000000000000000000000000000000000000042f0a8f642f3a8f6
000000000000000000000000000000000000000000000000417570a44186b852
00000000000000000000000000000000000000000000000042715c2942775c29
00000000000000000000000000000000000000000000000042d2ae1442d5ae14
0000000000000000000000000000000000000000000000003eb333333feccccd
00000000000000000000000000000000000000000000000042356666423b6666
00000000000000000000000000000000000000000000000042b4b33342b7b333
0000000000000000000000000000000000000000000000004307599a4308d99a
00000000000000000000000000000000000000000000000041f2e14841fee148
0000000000000000000000000000000000000000000000004296b8524299b852
00000000000000000000000000000000000000000000000042f0b85242f3b852
0000000000000000000000000000000000000000000000004175eb854186f5c3
00000000000000000000000000000000000000000000000042717ae142777ae1
00000000000000000000000000000000000000000000000042d2bd7142d5bd71
0000000000000000000000000000000000000000000000003ec28f5c3ff0a3d7
0000000000000000000000000000000000000000000000004235851f423b851f
00000000000000000000000000000000000000000000000042b4c28f42b7c28f
000000000000000000000000000000000000000000000000430761484308e148
00000000000000000000000000000000000000000000000041f31eb841ff1eb8
0000000000000000000000000000000000000000000000004296c7ae4299c7ae
00000000000000000000000000000000000000000000000042f0c7ae42f3c7ae
0000000000000000000000000000000000000000000000004176666641873333
0000000000000000000000000000000000000000000000004271999a4277999a
00000000000000000000000000000000000000000000000042d2cccd42d5cccd
0000000000000000000000000000000000000000000000003ed1eb853ff47ae1
0000000000000000000000000000000000000000000000004235a3d7423ba3d7
00000000000000000000000000000000000000000000000042b4d1ec42b7d1ec
000000000000000000000000000000000000000000000000430768f64308e8f6
00000000000000000000000000000000000000000000000041f35c2941ff5c29
0000000000000000000000000000000000000000000000004296d70a4299d70a
00000000000000000000000000000000000000000000000042f0d70a42f3d70a
0000000000000000000000000000000000000000000000004176e148418770a4
0000000000000000000000000000000000000000000000004271b8524277b852
00000000000000000000000000000000000000000000000042d2dc2942d5dc29
0000000000000000000000000000000000000000000000003ee147ae3ff851ec
0000000000000000000000000000000000000000000000004235c28f423bc28f
00000000000000000000000000000000000000000000000042b4e14842b7e148
000000000000000000000000000000000000000000000000430770a44308f0a4
00000000000000000000000000000000000000000000000041f3999a41ff999a
0000000000000000000000000000000000000000000000004296e6664299e666
00000000000000000000000000000000000000000000000042f0e66642f3e666
00000000000000000000000000000000000000000000000041775c294187ae14
0000000000000000000000000000000000000000000000004271d70a4277d70a
00000000000000000000000000000000000000000000000042d2eb8542d5eb85
0000000000000000000000000000000000000000000000003ef0a3d73ffc28f6
0000000000000000000000000000000000000000000000004235e148423be148
00000000000000000000000000000000000000000000000042b4f0a442b7f0a4
000000000000000000000000000000000000000000000000430778524308f852
00000000000000000000000000000000000000000000000041f3d70a41ffd70a
0000000000000000000000000000000000000000000000004296f5c34299f5c3
00000000000000000000000000000000000000000000000042f0f5c342f3f5c3
0000000000000000000000000000000000000000000000004177d70a4187eb85
0000000000000000000000000000000000000000000000004271f5c34277f5c3
00000000000000000000000000000000000000000000000042d2fae142d5fae1
0000000000000000000000000000000000000000000000003f00000040000000
00000000000000000000000000000000000000000000000042360000423c0000
00000000000000000000000000000000000000000000000042b5000042b80000
0000000000000000000000000000000000000000000000004307800043090000
00000000000000000000000000000000000000000000000041f4147b42000a3d
0000000000000000000000000000000000000000000000004297051f429a051f
00000000000000000000000000000000000000000000000042f1051f42f4051f
000000000000000000000000000000000000000000000000417851ec418828f6
0000000000000000000000000000000000000000000000004272147b4278147b
00000000000000000000000000000000000000000000000042d30a3d42d60a3d
0000000000000000000000000000000000000000000000003f07ae144001eb85
00000000000000000000000000000000000000000000000042361eb8423c1eb8
00000000000000000000000000000000000000000000000042b50f5c42b80f5c
000000000000000000000000000000000000000000000000430787ae430907ae
00000000000000000000000000000000000000000000000041f451ec420028f6
0000000000000000000000000000000000000000000000004297147b429a147b
00000000000000000000000000000000000000000000000042f1147b42f4147b
0000000000000000000000000000000000000000000000004178cccd41886666
0000000000000000000000000000000000000000000000004272333342783333
00000000000000000000000000000000000000000000000042d3199a42d6199a
0000000000000000000000000000000000000000000000003f0f5c294003d70a
00000000000000000000000000000000000000000000000042363d71423c3d71
00000000000000000000000000000000000000000000000042b51eb842b81eb8
00000000000000000000000000000000000000000000000043078f5c43090f5c
00000000000000000000000000000000000000000000000041f48f5c420047ae
000000000000000000000000000000000000000000000000429723d7429a23d7
00000000000000000000000000000000000000000000000042f123d742f423d7
000000000000000000000000000000000000000000000000417947ae4188a3d7
000000000000000000000000000000000000000000000000427251ec427851ec
00000000000000000000000000000000000000000000000042d328f642d628f6
0000000000000000000000000000000000000000000000003f170a3d4005c28f
00000000000000000000000000000000000000000000000042365c29423c5c29
00000000000000000000000000000000000000000000000042b52e1442b82e14
0000000000000000000000000000000000000000000000004307970a4309170a
00000000000000000000000000000000000000000000000043344ccd4335cccd
00000000000000000000000000000000000000000000000043614ccd4362cccd
000000000000000000000000000000000000000000000000438726664387e666
00000000000000000000000000000000000000000000000043254f5c4326cf5c
00000000000000000000000000000000000000000000000043524f5c4353cf5c
000000000000000000000000000000000000000000000000437f4f5c438067ae
000000000000000000000000000000000000000000000000431651ec4317d1ec
000000000000000000000000000000000000000000000000434351ec4344d1ec
000000000000000000000000000000000000000000000000437051ec4371d1ec
000000000000000000000000000000000000000000000000438ea8f6438f68f6
0000000000000000000000000000000000000000000000004334547b4335d47b
0000000000000000000000000000000000000000000000004361547b4362d47b
00000000000000000000000000000000000000000000000043872a3d4387ea3d
0000000000000000000000000000000000000000000000004325570a4326d70a
0000000000000000000000000000000000000000000000004352570a4353d70a
000000000000000000000000000000000000000000000000437f570a43806b85
0000000000000000000000000000000000000000000000004316599a4317d99a
0000000000000000000000000000000000000000000000004343599a4344d99a
0000000000000000000000000000000000000000000000004370599a4371d99a
000000000000000000000000000000000000000000000000438eaccd438f6ccd
00000000000000000000000000000000000000000000000043345c294335dc29
00000000000000000000000000000000000000000000000043615c294362dc29
00000000000000000000000000000000000000000000000043872e144387ee14
00000000000000000000000000000000000000000000000043255eb84326deb8
00000000000000000000000000000000000000000000000043525eb84353deb8
000000000000000000000000000000000000000000000000437f5eb843806f5c
000000000000000000000000000000000000000000000000431661484317e148
000000000000000000000000000000000000000000000000434361484344e148
000000000000000000000000000000000000000000000000437061484371e148
000000000000000000000000000000000000000000000000438eb0a4438f70a4
000000000000000000000000000000000000000000000000433463d74335e3d7
000000000000000000000000000000000000000000000000436163d74362e3d7
000000000000000000000000000000000000000000000000438731ec4387f1ec
000000000000000000000000000000000000000000000000432566664326e666
000000000000000000000000000000000000000000000000435266664353e666
000000000000000000000000000000000000000000000000437f666643807333
000000000000000000000000000000000000000000000000431668f64317e8f6
000000000000000000000000000000000000000000000000434368f64344e8f6
000000000000000000000000000000000000000000000000437068f64371e8f6
000000000000000000000000000000000000000000000000438eb47b438f747b
00000000000000000000000000000000000000000000000043346b854335eb85
00000000000000000000000000000000000000000000000043616b854362eb85
000000000000000000000000000000000000000000000000438735c34387f5c3
00000000000000000000000000000000000000000000000043256e144326ee14
00000000000000000000000000000000000000000000000043526e144353ee14
000000000000000000000000000000000000000000000000437f6e144380770a
000000000000000000000000000000000000000000000000431670a44317f0a4
000000000000000000000000000000000000000000000000434370a44344f0a4
000000000000000000000000000000000000000000000000437070a44371f0a4
000000000000000000000000000000000000000000000000438eb852438f7852
000000000000000000000000000000000000000000000000433473334335f333
000000000000000000000000000000000000000000000000436173334362f333
0000000000000000000000000000000000000000000000004387399a4387f99a
000000000000000000000000000000000000000000000000432575c34326f5c3
000000000000000000000000000000000000000000000000435275c34353f5c3
000000000000000000000000000000000000000000000000437f75c343807ae1
000000000000000000000000000000000000000000000000431678524317f852
000000000000000000000000000000000000000000000000434378524344f852
000000000000000000000000000000000000000000000000437078524371f852
000000000000000000000000000000000000000000000000438ebc29438f7c29
00000000000000000000000000000000000000000000000043347ae14335fae1
00000000000000000000000000000000000000000000000043617ae14362fae1
00000000000000000000000000000000000000000000000043873d714387fd71
00000000000000000000000000000000000000000000000043257d714326fd71
00000000000000000000000000000000000000000000000043527d714353fd71
000000000000000000000000000000000000000000000000437f7d7143807eb8
0000000000000000000000000000000000000000000000004316800043180000
0000000000000000000000000000000000000000000000004343800043450000
0000000000000000000000000000000000000000000000004370800043720000
000000000000000000000000000000000000000000000000438ec000438f8000
0000000000000000000000000000000000000000000000004334828f4336028f
0000000000000000000000000000000000000000000000004361828f4363028f
0000000000000000000000000000000000000000000000004387414843880148
0000000000000000000000000000000000000000000000004325851f4327051f
0000000000000000000000000000000000000000000000004352851f4354051f
000000000000000000000000000000000000000000000000437f851f4380828f
000000000000000000000000000000000000000000000000431687ae431807ae
000000000000000000000000000000000000000000000000434387ae434507ae
000000000000000000000000000000000000000000000000437087ae437207ae
000000000000000000000000000000000000000000000000438ec3d7438f83d7
00000000000000000000000000000000000000000000000043348a3d43360a3d
00000000000000000000000000000000000000000000000043618a3d43630a3d
0000000000000000000000000000000000000000000000004387451f4388051f
00000000000000000000000000000000000000000000000043258ccd43270ccd
00000000000000000000000000000000000000000000000043528ccd43540ccd
000000000000000000000000000000000000000000000000437f8ccd43808666
00000000000000000000000000000000000000000000000043168f5c43180f5c
00000000000000000000000000000000000000000000000043438f5c43450f5c
00000000000000000000000000000000000000000000000043708f5c43720f5c
000000000000000000000000000000000000000000000000438ec7ae438f87ae
000000000000000000000000000000000000000000000000433491ec433611ec
000000000000000000000000000000000000000000000000436191ec436311ec
000000000000000000000000000000000000000000000000438748f6438808f6
0000000000000000000000000000000000000000000000004325947b4327147b
0000000000000000000000000000000000000000000000004352947b4354147b
000000000000000000000000000000000000000000000000437f947b43808a3d
0000000000000000000000000000000000000000000000004316970a4318170a
0000000000000000000000000000000000000000000000004343970a4345170a
0000000000000000000000000000000000000000000000004370970a4372170a
000000000000000000000000000000000000000000000000438ecb85438f8b85
00000000000000000000000000000000000000000000000043a5266643a5e666
00000000000000000000000000000000000000000000000043bba66643bc6666
00000000000000000000000000000000000000000000000043d2266643d2e666
000000000000000000000000000000000000000000000000439da7ae439e67ae
00000000000000000000000000000000000000000000000043b427ae43b4e7ae
00000000000000000000000000000000000000000000000043caa7ae43cb67ae
000000000000000000000000000000000000000000000000439628f64396e8f6
00000000000000000000000000000000000000000000000043aca8f643ad68f6
00000000000000000000000000000000000000000000000043c328f643c3e8f6
00000000000000000000000000000000000000000000000043d9a8f643da68f6
00000000000000000000000000000000000000000000000043a52a3d43a5ea3d
00000000000000000000000000000000000000000000000043bbaa3d43bc6a3d
00000000000000000000000000000000000000000000000043d22a3d43d2ea3d
000000000000000000000000000000000000000000000000439dab85439e6b85
00000000000000000000000000000000000000000000000043b42b8543b4eb85
00000000000000000000000000000000000000000000000043caab8543cb6b85
00000000000000000000000000000000000000000000000043962ccd4396eccd
00000000000000000000000000000000000000000000000043acaccd43ad6ccd
00000000000000000000000000000000000000000000000043c32ccd43c3eccd
00000000000000000000000000000000000000000000000043d9accd43da6ccd
00000000000000000000000000000000000000000000000043a52e1443a5ee14
00000000000000000000000000000000000000000000000043bbae1443bc6e14
00000000000000000000000000000000000000000000000043d22e1443d2ee14
000000000000000000000000000000000000000000000000439daf5c439e6f5c
00000000000000000000000000000000000000000000000043b42f5c43b4ef5c
00000000000000000000000000000000000000000000000043caaf5c43cb6f5c
000000000000000000000000000000000000000000000000439630a44396f0a4
00000000000000000000000000000000000000000000000043acb0a443ad70a4
00000000000000000000000000000000000000000000000043c330a443c3f0a4
00000000000000000000000000000000000000000000000043d9b0a443da70a4
00000000000000000000000000000000000000000000000043a531ec43a5f1ec
00000000000000000000000000000000000000000000000043bbb1ec43bc71ec
00000000000000000000000000000000000000000000000043d231ec43d2f1ec
000000000000000000000000000000000000000000000000439db333439e7333
00000000000000000000000000000000000000000000000043b4333343b4f333
00000000000000000000000000000000000000000000000043cab33343cb7333
0000000000000000000000000000000000000000000000004396347b4396f47b
00000000000000000000000000000000000000000000000043acb47b43ad747b
00000000000000000000000000000000000000000000000043c3347b43c3f47b
00000000000000000000000000000000000000000000000043d9b47b43da747b
00000000000000000000000000000000000000000000000043a535c343a5f5c3
00000000000000000000000000000000000000000000000043bbb5c343bc75c3
00000000000000000000000000000000000000000000000043d235c343d2f5c3
000000000000000000000000000000000000000000000000439db70a439e770a
00000000000000000000000000000000000000000000000043b4370a43b4f70a
00000000000000000000000000000000000000000000000043cab70a43cb770a
000000000000000000000000000000000000000000000000439638524396f852
00000000000000000000000000000000000000000000000043acb85243ad7852
00000000000000000000000000000000000000000000000043c3385243c3f852
00000000000000000000000000000000000000000000000043d9b85243da7852
00000000000000000000000000000000000000000000000043a5399a43a5f99a
00000000000000000000000000000000000000000000000043bbb99a43bc799a
00000000000000000000000000000000000000000000000043d2399a43d2f99a
000000000000000000000000000000000000000000000000439dbae1439e7ae1
00000000000000000000000000000000000000000000000043b43ae143b4fae1
00000000000000000000000000000000000000000000000043cabae143cb7ae1
00000000000000000000000000000000000000000000000043963c294396fc29
00000000000000000000000000000000000000000000000043acbc2943ad7c29
00000000000000000000000000000000000000000000000043c33c2943c3fc29
00000000000000000000000000000000000000000000000043d9bc2943da7c29
00000000000000000000000000000000000000000000000043a53d7143a5fd71
00000000000000000000000000000000000000000000000043bbbd7143bc7d71
00000000000000000000000000000000000000000000000043d23d7143d2fd71
000000000000000000000000000000000000000000000000439dbeb8439e7eb8
00000000000000000000000000000000000000000000000043b43eb843b4feb8
00000000000000000000000000000000000000000000000043cabeb843cb7eb8
0000000000000000000000000000000000000000000000004396400043970000
00000000000000000000000000000000000000000000000043acc00043ad8000
00000000000000000000000000000000000000000000000043c3400043c40000
00000000000000000000000000000000000000000000000043d9c00043da8000
00000000000000000000000000000000000000000000000043a5414843a60148
00000000000000000000000000000000000000000000000043bbc14843bc8148
00000000000000000000000000000000000000000000000043d2414843d30148
000000000000000000000000000000000000000000000000439dc28f439e828f
00000000000000000000000000000000000000000000000043b4428f43b5028f
00000000000000000000000000000000000000000000000043cac28f43cb828f
000000000000000000000000000000000000000000000000439643d7439703d7
00000000000000000000000000000000000000000000000043acc3d743ad83d7
00000000000000000000000000000000000000000000000043c343d743c403d7
00000000000000000000000000000000000000000000000043d9c3d743da83d7
00000000000000000000000000000000000000000000000043a5451f43a6051f
00000000000000000000000000000000000000000000000043bbc51f43bc851f
00000000000000000000000000000000000000000000000043d2451f43d3051f
000000000000000000000000000000000000000000000000439dc666439e8666
00000000000000000000000000000000000000000000000043b4466643b50666
00000000000000000000000000000000000000000000000043cac66643cb8666
000000000000000000000000000000000000000000000000439647ae439707ae
00000000000000000000000000000000000000000000000043acc7ae43ad87ae
00000000000000000000000000000000000000000000000043c347ae43c407ae
00000000000000000000000000000000000000000000000043d9c7ae43da87ae
00000000000000000000000000000000000000000000000043a548f643a608f6
00000000000000000000000000000000000000000000000043bbc8f643bc88f6
00000000000000000000000000000000000000000000000043d248f643d308f6
000000000000000000000000000000000000000000000000439dca3d439e8a3d
00000000000000000000000000000000000000000000000043b44a3d43b50a3d
00000000000000000000000000000000000000000000000043caca3d43cb8a3d
00000000000000000000000000000000000000000000000043964b8543970b85
00000000000000000000000000000000000000000000000043accb8543ad8b85
00000000000000000000000000000000000000000000000043c34b8543c40b85
00000000000000000000000000000000000000000000000043d9cb8543da8b85
